timestamp,temperature,humidity,pressure,wind_speed_mps,wind_direction_deg,rainfall_mm,anomaly_type,is_anomaly
2026-01-01 00:00:00,27.49,61.95,1007.84,6.69,174.55,0.17,NORMAL,0
2026-01-01 00:10:00,27.84,66.49,1009.01,8.93,173.84,0.0,NORMAL,0
2026-01-01 00:20:00,30.52,72.89,1008.33,11.63,153.42,0.0,NORMAL,0
2026-01-01 00:30:00,29.59,61.9,1007.94,6.89,183.04,0.0,NORMAL,0
2026-01-01 00:40:00,26.45,69.98,1006.29,7.75,217.28,1.09,NORMAL,0
2026-01-01 00:50:00,29.02,64.73,1008.73,6.66,193.04,0.95,NORMAL,0
2026-01-01 01:00:00,30.06,61.6,1009.43,7.3,202.55,0.0,NORMAL,0
2026-01-01 01:10:00,27.18,57.24,1007.76,10.2,178.13,0.0,NORMAL,0
2026-01-01 01:20:00,28.51,66.84,1008.0,12.06,143.36,0.0,NORMAL,0
2026-01-01 01:30:00,28.47,61.68,1011.41,11.43,215.19,1.05,NORMAL,0
2026-01-01 01:40:00,28.34,52.31,1006.9,9.11,198.43,0.24,NORMAL,0
2026-01-01 01:50:00,29.92,64.12,1006.3,5.03,223.43,0.98,NORMAL,0
2026-01-01 02:00:00,28.32,64.96,1008.88,4.45,235.98,0.4,NORMAL,0
2026-01-01 02:10:00,30.49,57.56,1007.13,5.55,233.36,0.68,NORMAL,0
2026-01-01 02:20:00,29.93,64.88,1006.05,6.71,267.2,0.61,NORMAL,0
2026-01-01 02:30:00,29.36,66.38,1008.99,8.18,228.82,0.0,NORMAL,0
2026-01-01 02:40:00,30.43,69.76,1008.65,11.26,215.53,3.22,NORMAL,0
2026-01-01 02:50:00,31.4,57.27,1011.52,6.51,203.66,0.72,NORMAL,0
2026-01-01 03:00:00,30.01,60.3,1008.78,7.51,261.28,0.0,NORMAL,0
2026-01-01 03:10:00,30.62,64.95,1008.86,6.33,228.92,1.29,NORMAL,0
2026-01-01 03:20:00,33.23,55.7,1008.39,9.44,160.85,0.0,NORMAL,0
2026-01-01 03:30:00,30.17,59.54,1006.68,10.37,199.35,1.99,NORMAL,0
2026-01-01 03:40:00,31.93,63.97,1009.66,6.2,230.25,0.0,NORMAL,0
2026-01-01 03:50:00,31.62,55.54,1010.56,10.5,225.71,0.0,NORMAL,0
2026-01-01 04:00:00,32.37,58.06,1009.82,10.71,211.54,0.0,NORMAL,0
2026-01-01 04:10:00,32.74,61.48,1008.13,9.32,232.48,0.0,NORMAL,0
2026-01-01 04:20:00,31.64,56.11,1011.31,6.84,234.75,0.0,NORMAL,0
2026-01-01 04:30:00,30.98,53.88,1008.36,12.05,206.38,0.0,NORMAL,0
2026-01-01 04:40:00,32.32,59.74,1011.25,11.34,232.05,0.09,NORMAL,0
2026-01-01 04:50:00,32.28,58.47,1007.65,4.53,242.87,0.0,NORMAL,0
2026-01-01 05:00:00,31.26,52.61,1008.21,10.61,217.8,0.23,NORMAL,0
2026-01-01 05:10:00,18.04,62.1,1010.03,10.93,214.7,0.0,SPIKE,1
2026-01-01 05:20:00,34.79,65.23,1007.75,8.47,205.17,0.0,NORMAL,0
2026-01-01 05:30:00,31.77,59.84,1008.41,8.38,195.61,0.58,NORMAL,0
2026-01-01 05:40:00,33.33,54.37,1007.95,6.46,250.1,0.0,NORMAL,0
2026-01-01 05:50:00,49.18,58.3,1007.58,10.89,231.38,0.0,SPIKE,1
2026-01-01 06:00:00,31.63,52.32,1008.72,11.08,231.65,1.33,NORMAL,0
2026-01-01 06:10:00,31.32,52.23,1008.08,10.17,206.76,0.0,NORMAL,0
2026-01-01 06:20:00,31.24,50.9,1009.23,10.35,233.66,0.0,NORMAL,0
2026-01-01 06:30:00,33.27,53.63,1008.71,8.5,238.94,0.0,NORMAL,0
2026-01-01 06:40:00,33.33,50.77,1008.05,10.59,243.37,0.0,NORMAL,0
2026-01-01 06:50:00,32.48,59.55,1007.58,9.66,278.76,2.92,NORMAL,0
2026-01-01 07:00:00,31.43,54.71,1011.53,13.02,255.13,0.0,NORMAL,0
2026-01-01 07:10:00,34.07,62.04,1008.23,11.14,298.94,0.0,NORMAL,0
2026-01-01 07:20:00,31.91,54.05,1009.45,10.31,274.6,0.38,NORMAL,0
2026-01-01 07:30:00,32.54,57.24,1011.07,11.97,209.43,3.12,NORMAL,0
2026-01-01 07:40:00,32.38,55.31,1007.06,4.64,247.22,0.1,NORMAL,0
2026-01-01 07:50:00,32.37,62.72,1007.42,10.04,292.26,0.96,NORMAL,0
2026-01-01 08:00:00,32.35,53.15,1008.43,8.21,232.87,0.0,NORMAL,0
2026-01-01 08:10:00,31.92,57.69,1008.19,11.89,221.58,0.08,NORMAL,0
2026-01-01 08:20:00,29.73,60.54,1009.69,7.29,269.51,1.21,NORMAL,0
2026-01-01 08:30:00,32.18,66.24,1009.05,9.61,252.95,1.25,NORMAL,0
2026-01-01 08:40:00,31.07,67.92,1010.63,9.7,255.77,0.01,STUCK_SENSOR,1
2026-01-01 08:50:00,31.72,55.97,1010.18,9.02,283.01,0.32,NORMAL,0
2026-01-01 09:00:00,30.99,67.92,1009.42,8.72,218.82,0.41,STUCK_SENSOR,1
2026-01-01 09:10:00,31.75,55.98,1008.38,9.74,240.66,0.16,NORMAL,0
2026-01-01 09:20:00,31.35,60.13,1009.85,10.39,246.47,0.0,NORMAL,0
2026-01-01 09:30:00,29.03,62.98,1010.02,11.47,254.71,0.0,NORMAL,0
2026-01-01 09:40:00,30.95,52.15,1011.08,11.39,262.23,0.0,NORMAL,0
2026-01-01 09:50:00,31.28,60.3,1009.34,13.77,259.1,0.0,NORMAL,0
2026-01-01 10:00:00,32.37,55.59,1010.69,10.1,259.69,0.0,NORMAL,0
2026-01-01 10:10:00,27.27,64.89,1011.1,13.04,216.69,0.13,NORMAL,0
2026-01-01 10:20:00,27.52,59.21,1007.23,9.64,224.97,1.05,NORMAL,0
2026-01-01 10:30:00,27.73,61.74,1010.62,11.86,259.06,0.12,NORMAL,0
2026-01-01 10:40:00,27.24,61.64,1009.2,9.01,259.79,0.0,NORMAL,0
2026-01-01 10:50:00,29.51,62.34,1011.95,12.83,254.24,0.95,NORMAL,0
2026-01-01 11:00:00,29.13,59.99,1011.56,10.48,261.49,0.57,NORMAL,0
2026-01-01 11:10:00,29.32,65.39,1011.96,12.97,235.73,1.47,NORMAL,0
2026-01-01 11:20:00,27.39,63.38,1011.49,11.28,242.55,0.86,NORMAL,0
2026-01-01 11:30:00,27.48,68.48,1011.05,10.92,282.19,0.0,NORMAL,0
2026-01-01 11:40:00,29.84,63.36,1009.6,10.66,263.29,0.0,NORMAL,0
2026-01-01 11:50:00,27.18,68.94,1012.33,11.78,189.21,0.0,NORMAL,0
2026-01-01 12:00:00,25.94,64.07,1013.31,9.82,316.22,0.83,NORMAL,0
2026-01-01 12:10:00,28.28,70.76,1012.95,11.64,285.58,0.0,NORMAL,0
2026-01-01 12:20:00,26.34,70.42,1012.68,11.91,286.81,0.0,NORMAL,0
2026-01-01 12:30:00,27.34,68.72,1008.3,9.24,227.4,0.1,NORMAL,0
2026-01-01 12:40:00,26.76,77.67,1010.99,8.92,296.3,0.05,NORMAL,0
2026-01-01 12:50:00,25.99,65.01,1010.58,11.87,270.14,0.36,NORMAL,0
2026-01-01 13:00:00,26.25,65.79,1010.37,11.27,228.47,0.0,NORMAL,0
2026-01-01 13:10:00,26.81,68.08,1013.47,8.68,228.55,0.34,NORMAL,0
2026-01-01 13:20:00,25.94,64.09,1009.66,8.26,266.86,0.0,NORMAL,0
2026-01-01 13:30:00,23.34,72.56,1011.6,12.64,195.07,0.0,NORMAL,0
2026-01-01 13:40:00,24.86,71.12,1010.39,9.58,296.3,0.0,NORMAL,0
2026-01-01 13:50:00,24.06,78.13,1012.41,11.83,227.87,1.66,NORMAL,0
2026-01-01 14:00:00,-45.0,71.79,1008.55,11.59,226.99,0.0,OUT_OF_BOUNDS,1
2026-01-01 14:10:00,30.2,75.57,1010.72,9.12,224.62,0.0,SENSOR_DRIFT,1
2026-01-01 14:20:00,24.96,71.5,1009.09,11.37,305.85,0.0,NORMAL,0
2026-01-01 14:30:00,22.9,74.07,1012.43,12.59,237.68,0.0,NORMAL,0
2026-01-01 14:40:00,24.23,77.0,1010.81,11.73,207.78,0.0,NORMAL,0
2026-01-01 14:50:00,22.24,78.64,1011.01,10.28,246.0,0.06,NORMAL,0
2026-01-01 15:00:00,24.75,72.75,1011.35,9.48,299.95,0.01,NORMAL,0
2026-01-01 15:10:00,25.09,75.04,1010.94,15.34,252.05,0.0,NORMAL,0
2026-01-01 15:20:00,23.81,80.4,1009.56,8.91,229.63,0.0,NORMAL,0
2026-01-01 15:30:00,21.79,80.95,1010.29,9.95,231.19,0.15,NORMAL,0
2026-01-01 15:40:00,22.08,72.1,1011.75,11.38,251.98,0.0,NORMAL,0
2026-01-01 15:50:00,23.33,79.1,1011.17,13.2,235.03,0.01,NORMAL,0
2026-01-01 16:00:00,22.34,81.12,1009.27,12.92,278.91,0.0,NORMAL,0
2026-01-01 16:10:00,24.79,74.43,1012.86,8.69,244.39,0.0,NORMAL,0
2026-01-01 16:20:00,21.11,78.49,1012.81,8.25,251.2,0.0,NORMAL,0
2026-01-01 16:30:00,21.87,81.23,1010.84,10.58,201.51,0.0,NORMAL,0
2026-01-01 16:40:00,22.03,84.41,1014.58,10.13,231.0,0.0,NORMAL,0
2026-01-01 16:50:00,22.24,76.51,1012.27,7.99,282.32,0.0,NORMAL,0
2026-01-01 17:00:00,22.5,78.46,1013.5,14.67,271.0,0.0,NORMAL,0
2026-01-01 17:10:00,21.11,85.41,1011.0,12.01,251.33,0.88,NORMAL,0
2026-01-01 17:20:00,23.01,79.87,1010.0,9.0,279.45,0.0,NORMAL,0
2026-01-01 17:30:00,20.2,83.49,1010.5,10.18,261.23,0.94,NORMAL,0
2026-01-01 17:40:00,21.38,67.92,1011.52,11.54,208.61,0.84,STUCK_SENSOR,1
2026-01-01 17:50:00,20.66,77.8,1009.76,7.6,224.61,2.32,NORMAL,0
2026-01-01 18:00:00,22.25,69.73,1013.67,9.56,260.93,1.07,NORMAL,0
2026-01-01 18:10:00,22.19,76.32,1012.84,12.54,249.56,0.0,NORMAL,0
2026-01-01 18:20:00,18.45,77.23,1009.82,13.32,224.19,0.0,NORMAL,0
2026-01-01 18:30:00,31.58,77.46,1012.51,11.27,273.65,0.77,SENSOR_DRIFT,1
2026-01-01 18:40:00,21.56,77.95,1010.29,12.24,218.26,0.0,NORMAL,0
2026-01-01 18:50:00,20.99,79.77,1011.0,9.73,230.7,0.34,NORMAL,0
2026-01-01 19:00:00,20.03,80.74,1011.64,11.9,246.8,0.52,NORMAL,0
2026-01-01 19:10:00,31.21,81.1,1008.99,13.89,248.05,0.0,SENSOR_DRIFT,1
2026-01-01 19:20:00,25.14,76.67,1012.13,12.93,243.18,0.0,NORMAL,0
2026-01-01 19:30:00,21.18,76.51,1011.39,10.67,201.5,0.0,NORMAL,0
2026-01-01 19:40:00,20.66,78.96,1014.41,10.15,286.42,0.0,NORMAL,0
2026-01-01 19:50:00,22.01,74.71,1012.96,11.81,268.81,1.21,NORMAL,0
2026-01-01 20:00:00,25.35,69.9,1011.65,9.91,218.51,0.18,SENSOR_DRIFT,1
2026-01-01 20:10:00,22.57,84.93,1013.41,11.75,210.95,0.0,NORMAL,0
2026-01-01 20:20:00,21.42,82.7,1010.2,12.04,204.24,0.0,NORMAL,0
2026-01-01 20:30:00,24.09,75.65,1013.73,12.39,221.37,0.0,NORMAL,0
2026-01-01 20:40:00,22.58,75.17,1011.11,11.15,262.97,0.0,NORMAL,0
2026-01-01 20:50:00,23.43,74.88,1010.11,10.08,212.93,2.23,NORMAL,0
2026-01-01 21:00:00,22.81,76.49,1008.99,11.13,213.19,0.0,NORMAL,0
2026-01-01 21:10:00,24.51,80.95,1012.63,8.59,185.48,0.0,NORMAL,0
2026-01-01 21:20:00,23.09,76.65,1010.72,14.04,188.62,0.0,NORMAL,0
2026-01-01 21:30:00,25.01,73.25,1014.8,10.05,187.89,0.0,NORMAL,0
2026-01-01 21:40:00,23.93,74.52,1012.04,12.79,234.95,0.48,NORMAL,0
2026-01-01 21:50:00,23.46,75.27,1011.56,10.47,234.28,0.46,NORMAL,0
2026-01-01 22:00:00,24.02,71.36,1011.59,7.95,199.94,1.83,NORMAL,0
2026-01-01 22:10:00,26.73,66.44,1012.8,10.67,202.66,0.0,NORMAL,0
2026-01-01 22:20:00,24.16,75.48,1009.45,11.11,204.38,0.0,NORMAL,0
2026-01-01 22:30:00,26.17,74.06,1012.09,10.12,179.28,0.0,NORMAL,0
2026-01-01 22:40:00,24.62,71.83,1014.88,11.51,268.05,0.0,NORMAL,0
2026-01-01 22:50:00,26.49,77.04,1012.08,9.36,187.66,0.0,NORMAL,0
2026-01-01 23:00:00,24.43,70.06,1012.68,12.37,264.43,1.12,NORMAL,0
2026-01-01 23:10:00,24.58,74.01,1010.05,10.36,153.02,2.16,NORMAL,0
2026-01-01 23:20:00,27.03,67.32,1010.96,7.18,200.53,0.73,NORMAL,0
2026-01-01 23:30:00,25.15,68.3,1011.22,9.7,203.14,0.0,NORMAL,0
2026-01-01 23:40:00,25.65,66.09,1011.35,8.86,225.14,0.0,NORMAL,0
2026-01-01 23:50:00,28.64,68.46,1011.03,9.42,161.66,0.0,NORMAL,0
2026-01-02 00:00:00,28.26,63.17,1013.47,10.03,140.59,0.0,NORMAL,0
2026-01-02 00:10:00,27.08,69.23,1011.14,6.77,160.66,0.28,NORMAL,0
2026-01-02 00:20:00,26.83,64.86,1011.18,9.3,178.17,0.0,NORMAL,0
2026-01-02 00:30:00,29.23,61.79,1013.27,7.47,230.13,0.0,NORMAL,0
2026-01-02 00:40:00,26.25,62.36,1013.06,7.72,202.24,0.02,NORMAL,0
2026-01-02 00:50:00,29.19,68.68,1010.56,9.95,129.19,1.6,NORMAL,0
2026-01-02 01:00:00,29.23,62.88,1012.78,10.98,151.18,0.0,NORMAL,0
2026-01-02 01:10:00,29.49,67.4,1010.66,11.54,153.11,1.09,NORMAL,0
2026-01-02 01:20:00,28.66,68.23,1012.32,10.85,174.41,0.08,NORMAL,0
2026-01-02 01:30:00,29.49,64.92,1011.75,7.38,177.65,0.0,NORMAL,0
2026-01-02 01:40:00,28.76,60.65,1011.85,12.77,145.26,0.0,NORMAL,0
2026-01-02 01:50:00,28.2,67.54,1012.03,13.15,153.53,0.0,NORMAL,0
2026-01-02 02:00:00,29.27,61.82,1010.36,10.11,145.81,0.0,NORMAL,0
2026-01-02 02:10:00,28.7,58.06,1012.98,7.34,180.78,0.0,NORMAL,0
2026-01-02 02:20:00,30.6,61.95,1011.54,10.53,168.13,0.0,NORMAL,0
2026-01-02 02:30:00,29.8,61.72,1012.68,6.42,186.04,0.0,NORMAL,0
2026-01-02 02:40:00,32.43,61.66,1013.59,12.02,170.49,0.0,SENSOR_DRIFT,1
2026-01-02 02:50:00,30.16,59.85,1014.43,8.18,134.45,0.68,NORMAL,0
2026-01-02 03:00:00,31.25,53.23,1013.12,10.07,135.21,0.0,NORMAL,0
2026-01-02 03:10:00,30.18,62.92,1009.49,10.89,177.34,0.0,NORMAL,0
2026-01-02 03:20:00,30.99,61.71,1013.44,5.6,123.12,1.43,NORMAL,0
2026-01-02 03:30:00,30.31,60.47,1013.09,11.8,118.3,0.0,NORMAL,0
2026-01-02 03:40:00,31.13,56.69,1010.74,11.43,136.75,0.0,NORMAL,0
2026-01-02 03:50:00,34.72,59.96,1009.13,10.8,148.59,0.0,SENSOR_DRIFT,1
2026-01-02 04:00:00,30.39,62.69,1011.93,8.62,166.23,0.0,NORMAL,0
2026-01-02 04:10:00,32.25,55.71,1009.98,9.15,160.14,0.0,NORMAL,0
2026-01-02 04:20:00,31.25,56.8,1012.28,11.13,169.28,1.35,NORMAL,0
2026-01-02 04:30:00,30.66,64.35,1013.3,8.68,139.12,0.0,NORMAL,0
2026-01-02 04:40:00,32.65,63.03,1012.63,7.43,119.77,0.0,NORMAL,0
2026-01-02 04:50:00,33.61,59.07,1011.45,10.79,130.09,0.94,NORMAL,0
2026-01-02 05:00:00,32.23,56.91,1011.8,7.93,98.3,0.0,NORMAL,0
2026-01-02 05:10:00,31.35,57.35,1011.48,12.47,123.18,0.4,NORMAL,0
2026-01-02 05:20:00,33.07,55.41,1012.35,8.36,105.13,0.0,NORMAL,0
2026-01-02 05:30:00,30.95,53.56,1012.09,10.98,74.14,0.23,NORMAL,0
2026-01-02 05:40:00,30.0,56.81,1013.76,7.35,120.01,0.26,NORMAL,0
2026-01-02 05:50:00,33.73,58.84,1009.97,10.47,132.73,0.23,NORMAL,0
2026-01-02 06:00:00,33.62,57.7,1012.17,11.23,97.48,0.34,NORMAL,0
2026-01-02 06:10:00,33.13,55.89,1011.19,7.81,92.26,0.49,NORMAL,0
2026-01-02 06:20:00,30.02,52.89,1014.65,9.03,144.83,0.0,NORMAL,0
2026-01-02 06:30:00,33.26,59.53,1012.54,11.86,127.75,0.7,NORMAL,0
2026-01-02 06:40:00,32.51,56.01,1009.36,9.88,61.29,0.63,NORMAL,0
2026-01-02 06:50:00,31.76,54.2,1011.02,11.66,106.78,0.0,NORMAL,0
2026-01-02 07:00:00,32.53,62.32,1012.03,10.27,106.14,0.44,NORMAL,0
2026-01-02 07:10:00,32.32,57.92,1010.69,8.23,140.99,0.06,NORMAL,0
2026-01-02 07:20:00,30.92,64.26,1012.74,8.92,122.29,0.82,NORMAL,0
2026-01-02 07:30:00,30.82,57.35,1013.48,11.6,113.77,0.2,NORMAL,0
2026-01-02 07:40:00,31.15,52.06,1013.28,6.16,60.41,0.0,NORMAL,0
2026-01-02 07:50:00,32.78,53.89,1012.94,6.8,148.89,0.73,NORMAL,0
2026-01-02 08:00:00,31.24,59.68,1008.61,10.34,67.68,0.0,NORMAL,0
2026-01-02 08:10:00,31.44,62.06,1010.29,9.09,98.28,0.0,NORMAL,0
2026-01-02 08:20:00,30.71,57.28,1014.67,9.92,112.9,1.12,NORMAL,0
2026-01-02 08:30:00,31.77,53.44,1012.26,9.16,88.36,0.0,NORMAL,0
2026-01-02 08:40:00,31.57,62.1,1013.04,11.26,105.41,0.0,NORMAL,0
2026-01-02 08:50:00,30.65,60.69,1009.16,7.75,87.81,0.71,NORMAL,0
2026-01-02 09:00:00,28.06,63.34,1012.13,7.19,123.29,0.0,NORMAL,0
2026-01-02 09:10:00,31.8,56.22,1013.62,7.0,102.37,0.0,NORMAL,0
2026-01-02 09:20:00,28.7,65.62,1015.46,8.34,73.14,0.0,NORMAL,0
2026-01-02 09:30:00,31.32,58.03,1008.61,5.53,83.48,0.69,NORMAL,0
2026-01-02 09:40:00,30.04,63.57,1011.51,5.37,114.91,0.0,NORMAL,0
2026-01-02 09:50:00,29.39,62.54,1012.53,7.57,92.57,0.75,NORMAL,0
2026-01-02 10:00:00,29.16,57.79,1011.2,9.4,106.75,0.0,NORMAL,0
2026-01-02 10:10:00,36.81,61.14,1013.58,8.48,105.66,0.0,SENSOR_DRIFT,1
2026-01-02 10:20:00,28.53,64.77,1012.18,8.53,107.79,0.0,NORMAL,0
2026-01-02 10:30:00,27.76,62.4,1013.52,9.4,90.84,1.02,NORMAL,0
2026-01-02 10:40:00,28.07,69.35,1012.1,8.75,116.22,0.0,NORMAL,0
2026-01-02 10:50:00,25.51,63.74,1009.55,9.02,80.08,0.0,NORMAL,0
2026-01-02 11:00:00,27.62,67.19,1013.22,7.02,114.78,0.36,NORMAL,0
2026-01-02 11:10:00,28.52,64.97,1012.42,6.86,95.61,0.0,NORMAL,0
2026-01-02 11:20:00,28.15,65.81,1011.41,10.36,123.72,0.0,NORMAL,0
2026-01-02 11:30:00,27.21,65.01,1012.47,8.0,90.29,0.82,NORMAL,0
2026-01-02 11:40:00,27.54,67.16,1015.46,5.23,74.13,1.71,NORMAL,0
2026-01-02 11:50:00,25.48,64.27,1011.15,9.28,109.83,0.45,NORMAL,0
2026-01-02 12:00:00,26.25,70.87,1011.54,9.53,85.98,0.0,NORMAL,0
2026-01-02 12:10:00,27.39,68.92,1013.16,7.56,127.18,0.0,NORMAL,0
2026-01-02 12:20:00,28.91,72.46,1013.72,10.27,127.28,0.1,NORMAL,0
2026-01-02 12:30:00,25.29,70.49,1012.88,10.15,92.34,0.37,NORMAL,0
2026-01-02 12:40:00,27.56,64.29,1013.03,12.28,138.51,0.0,NORMAL,0
2026-01-02 12:50:00,29.79,68.95,1013.2,4.23,141.45,0.0,NORMAL,0
2026-01-02 13:00:00,26.77,75.51,1010.82,11.45,89.22,0.0,NORMAL,0
2026-01-02 13:10:00,26.29,71.45,1011.61,5.57,105.61,0.0,NORMAL,0
2026-01-02 13:20:00,25.58,69.73,1012.2,6.25,118.96,0.38,NORMAL,0
2026-01-02 13:30:00,25.09,76.84,1012.41,10.32,128.54,1.55,NORMAL,0
2026-01-02 13:40:00,24.96,76.97,1012.16,5.04,40.6,0.0,NORMAL,0
2026-01-02 13:50:00,24.43,75.14,1013.78,7.4,100.99,1.23,NORMAL,0
2026-01-02 14:00:00,23.37,66.87,1011.71,10.4,91.69,0.0,NORMAL,0
2026-01-02 14:10:00,24.02,76.38,1012.54,8.04,107.84,0.0,NORMAL,0
2026-01-02 14:20:00,23.59,78.48,1011.14,4.46,131.62,0.0,NORMAL,0
2026-01-02 14:30:00,23.47,71.99,1012.01,7.86,89.29,0.06,NORMAL,0
2026-01-02 14:40:00,22.75,78.64,1014.2,5.28,114.56,0.0,NORMAL,0
2026-01-02 14:50:00,22.55,76.43,1012.96,7.86,71.74,0.0,NORMAL,0
2026-01-02 15:00:00,22.97,79.0,1010.65,9.65,123.0,0.0,NORMAL,0
2026-01-02 15:10:00,22.54,76.17,1012.1,7.34,151.19,0.0,NORMAL,0
2026-01-02 15:20:00,23.6,75.84,1012.68,5.23,89.28,0.1,NORMAL,0
2026-01-02 15:30:00,20.76,82.57,1009.86,9.62,95.79,0.0,NORMAL,0
2026-01-02 15:40:00,22.2,78.01,1012.45,8.58,94.84,0.79,NORMAL,0
2026-01-02 15:50:00,24.84,80.57,1012.61,7.54,106.54,0.84,NORMAL,0
2026-01-02 16:00:00,22.06,76.58,1012.23,6.54,101.27,0.07,NORMAL,0
2026-01-02 16:10:00,24.09,80.67,1013.67,7.73,120.37,1.06,NORMAL,0
2026-01-02 16:20:00,21.97,77.33,1009.26,5.78,104.75,0.0,NORMAL,0
2026-01-02 16:30:00,23.32,70.51,1009.47,3.87,143.66,0.0,NORMAL,0
2026-01-02 16:40:00,20.08,78.3,1008.52,4.17,89.98,0.0,NORMAL,0
2026-01-02 16:50:00,22.22,82.4,1012.18,5.24,87.84,0.0,NORMAL,0
2026-01-02 17:00:00,21.57,81.17,1013.23,7.89,140.21,0.0,NORMAL,0
2026-01-02 17:10:00,20.0,82.9,1013.26,5.14,142.02,0.03,NORMAL,0
2026-01-02 17:20:00,20.94,77.21,1011.43,4.76,101.29,0.0,NORMAL,0
2026-01-02 17:30:00,21.04,91.39,1011.56,8.73,68.94,0.0,NORMAL,0
2026-01-02 17:40:00,23.58,82.39,1013.31,8.36,128.9,0.45,NORMAL,0
2026-01-02 17:50:00,22.52,73.23,1010.2,9.65,101.21,1.77,NORMAL,0
2026-01-02 18:00:00,23.42,77.01,1010.81,6.3,97.02,0.84,NORMAL,0
2026-01-02 18:10:00,23.38,79.61,1013.15,5.91,130.23,0.0,NORMAL,0
2026-01-02 18:20:00,23.36,78.14,1010.43,5.84,141.27,1.24,NORMAL,0
2026-01-02 18:30:00,23.13,79.88,1008.7,3.73,113.35,0.0,NORMAL,0
2026-01-02 18:40:00,19.14,82.02,1013.68,8.98,176.98,0.37,NORMAL,0
2026-01-02 18:50:00,22.7,87.06,1011.74,6.93,108.35,0.0,NORMAL,0
2026-01-02 19:00:00,22.3,86.35,1009.53,8.69,160.68,0.0,NORMAL,0
2026-01-02 19:10:00,18.91,84.67,1011.52,10.28,96.11,0.0,NORMAL,0
2026-01-02 19:20:00,21.64,78.91,1009.93,8.92,96.73,0.0,NORMAL,0
2026-01-02 19:30:00,22.53,76.44,1014.79,6.03,156.1,0.0,NORMAL,0
2026-01-02 19:40:00,23.68,80.04,1012.18,2.15,110.01,0.0,NORMAL,0
2026-01-02 19:50:00,21.51,84.01,1010.74,6.37,137.2,0.79,NORMAL,0
2026-01-02 20:00:00,24.12,85.38,1012.47,3.78,86.7,0.15,NORMAL,0
2026-01-02 20:10:00,65.0,73.61,1011.5,4.73,133.28,0.0,OUT_OF_BOUNDS,1
2026-01-02 20:20:00,20.44,77.21,1010.97,7.41,119.51,0.0,NORMAL,0
2026-01-02 20:30:00,24.5,74.45,1010.89,6.12,145.05,1.98,NORMAL,0
2026-01-02 20:40:00,27.03,81.77,1008.78,5.98,167.6,0.0,SENSOR_DRIFT,1
2026-01-02 20:50:00,22.33,81.52,1010.9,2.68,195.7,0.54,NORMAL,0
2026-01-02 21:00:00,25.85,74.74,1011.14,6.52,153.62,0.0,NORMAL,0
2026-01-02 21:10:00,22.53,82.61,1009.46,5.53,142.73,0.0,NORMAL,0
2026-01-02 21:20:00,23.36,78.63,1008.69,3.44,186.61,1.03,NORMAL,0
2026-01-02 21:30:00,24.15,76.98,1008.89,5.4,146.43,0.0,NORMAL,0
2026-01-02 21:40:00,25.7,77.2,1008.1,6.46,194.52,0.78,NORMAL,0
2026-01-02 21:50:00,25.58,77.64,1009.9,6.94,166.64,0.37,NORMAL,0
2026-01-02 22:00:00,22.54,72.21,1010.33,5.43,174.23,0.67,NORMAL,0
2026-01-02 22:10:00,24.12,79.3,1010.74,9.59,148.82,1.65,NORMAL,0
2026-01-02 22:20:00,25.13,71.1,1006.93,9.82,183.64,0.65,NORMAL,0
2026-01-02 22:30:00,25.89,72.31,1008.76,7.23,174.39,0.0,NORMAL,0
2026-01-02 22:40:00,25.92,77.52,1013.84,5.99,147.95,1.97,NORMAL,0
2026-01-02 22:50:00,35.71,69.76,1010.85,4.78,141.19,0.0,SENSOR_DRIFT,1
2026-01-02 23:00:00,26.03,69.83,1009.11,4.66,211.56,0.49,NORMAL,0
2026-01-02 23:10:00,27.39,71.04,1010.85,5.09,173.52,0.09,NORMAL,0
2026-01-02 23:20:00,26.64,80.93,1010.67,4.36,172.7,0.0,NORMAL,0
2026-01-02 23:30:00,25.23,72.42,1011.58,1.0,220.64,3.49,NORMAL,0
2026-01-02 23:40:00,34.02,65.94,1011.28,4.41,179.72,0.06,SENSOR_DRIFT,1
2026-01-02 23:50:00,25.76,65.51,1010.15,4.73,195.65,0.32,NORMAL,0
2026-01-03 00:00:00,26.94,68.38,1009.1,6.6,152.46,0.58,NORMAL,0
2026-01-03 00:10:00,28.17,62.84,1010.49,5.56,176.86,0.08,NORMAL,0
2026-01-03 00:20:00,28.94,63.88,1010.73,5.01,191.29,0.38,NORMAL,0
2026-01-03 00:30:00,27.95,66.37,1009.27,6.25,189.35,0.18,NORMAL,0
2026-01-03 00:40:00,28.72,60.74,1008.95,6.84,174.1,0.0,NORMAL,0
2026-01-03 00:50:00,29.26,60.44,1009.49,3.23,232.86,0.0,NORMAL,0
2026-01-03 01:00:00,26.79,68.42,1010.43,4.74,187.05,1.85,NORMAL,0
2026-01-03 01:10:00,27.46,65.93,1011.88,6.36,183.17,0.2,NORMAL,0
2026-01-03 01:20:00,29.03,66.53,1010.9,4.33,206.62,0.56,NORMAL,0
2026-01-03 01:30:00,28.36,60.95,1009.15,6.27,208.77,1.71,NORMAL,0
2026-01-03 01:40:00,27.72,56.47,1010.96,3.24,181.71,1.44,NORMAL,0
2026-01-03 01:50:00,31.08,64.41,1008.0,4.75,165.54,0.0,NORMAL,0
2026-01-03 02:00:00,28.11,62.96,1012.4,7.01,166.91,0.0,NORMAL,0
2026-01-03 02:10:00,38.89,60.22,1010.84,5.41,221.83,0.0,SENSOR_DRIFT,1
2026-01-03 02:20:00,29.63,57.33,1010.99,5.58,201.15,0.0,NORMAL,0
2026-01-03 02:30:00,31.04,62.1,1008.79,8.17,176.24,0.0,NORMAL,0
2026-01-03 02:40:00,31.09,52.55,1008.26,5.97,191.89,0.0,NORMAL,0
2026-01-03 02:50:00,31.2,56.16,1011.44,6.31,203.98,0.0,NORMAL,0
2026-01-03 03:00:00,30.67,60.9,1010.45,4.58,182.73,0.0,NORMAL,0
2026-01-03 03:10:00,31.18,65.43,1010.1,2.85,212.75,0.0,NORMAL,0
2026-01-03 03:20:00,31.41,63.63,1010.4,2.95,224.49,0.0,NORMAL,0
2026-01-03 03:30:00,32.54,64.06,1009.53,7.34,192.19,0.0,NORMAL,0
2026-01-03 03:40:00,28.79,54.61,1006.56,4.55,220.08,0.0,NORMAL,0
2026-01-03 03:50:00,32.46,53.17,1008.86,6.34,218.31,0.05,NORMAL,0
2026-01-03 04:00:00,31.14,58.15,1008.29,5.11,235.25,0.0,NORMAL,0
2026-01-03 04:10:00,31.6,59.45,1012.08,5.8,216.34,1.79,NORMAL,0
2026-01-03 04:20:00,31.05,62.88,1010.38,1.54,188.58,0.0,NORMAL,0
2026-01-03 04:30:00,30.01,60.76,1011.5,3.14,233.1,0.0,NORMAL,0
2026-01-03 04:40:00,31.53,63.79,1009.34,2.53,253.33,1.31,NORMAL,0
2026-01-03 04:50:00,29.98,56.85,1008.0,7.28,257.41,0.0,NORMAL,0
2026-01-03 05:00:00,32.69,67.92,1010.3,5.06,178.38,0.07,STUCK_SENSOR,1
2026-01-03 05:10:00,32.44,55.93,1008.82,7.91,223.51,0.0,NORMAL,0
2026-01-03 05:20:00,31.37,55.2,1009.05,5.92,230.32,0.24,NORMAL,0
2026-01-03 05:30:00,30.0,57.25,1010.47,4.98,195.17,0.0,NORMAL,0
2026-01-03 05:40:00,32.05,59.43,1007.8,3.63,234.14,0.0,NORMAL,0
2026-01-03 05:50:00,33.67,54.6,1008.74,6.46,252.45,0.0,NORMAL,0
2026-01-03 06:00:00,32.86,52.35,1005.3,7.07,242.01,0.0,NORMAL,0
2026-01-03 06:10:00,36.11,56.01,1009.73,6.59,196.68,0.0,SENSOR_DRIFT,1
2026-01-03 06:20:00,33.38,57.21,1008.38,2.31,201.52,0.0,SENSOR_DRIFT,1
2026-01-03 06:30:00,31.61,55.26,1008.68,10.04,201.92,0.0,NORMAL,0
2026-01-03 06:40:00,32.93,53.54,1010.15,5.01,204.92,1.55,NORMAL,0
2026-01-03 06:50:00,30.16,57.88,1008.74,5.2,259.66,0.0,NORMAL,0
2026-01-03 07:00:00,31.6,63.64,1007.69,1.66,238.3,0.88,NORMAL,0
2026-01-03 07:10:00,32.4,59.75,1010.19,4.84,229.38,0.0,NORMAL,0
2026-01-03 07:20:00,31.14,57.87,1009.31,6.41,229.22,0.0,NORMAL,0
2026-01-03 07:30:00,48.75,55.73,1007.64,9.96,222.61,0.43,SPIKE,1
2026-01-03 07:40:00,30.58,60.32,1009.28,5.99,274.68,0.0,NORMAL,0
2026-01-03 07:50:00,32.38,58.86,1009.42,3.39,230.5,0.0,NORMAL,0
2026-01-03 08:00:00,31.43,59.32,1008.44,6.71,285.31,0.0,NORMAL,0
2026-01-03 08:10:00,33.36,58.57,1010.05,1.68,296.11,0.0,NORMAL,0
2026-01-03 08:20:00,29.72,58.92,1007.38,5.64,287.13,0.52,NORMAL,0
2026-01-03 08:30:00,28.66,56.59,1008.79,2.56,235.4,0.0,NORMAL,0
2026-01-03 08:40:00,32.03,56.12,1009.13,3.97,231.97,0.03,NORMAL,0
2026-01-03 08:50:00,30.57,55.58,1008.1,6.47,239.31,0.0,NORMAL,0
2026-01-03 09:00:00,30.8,59.58,1006.54,6.84,218.57,0.0,NORMAL,0
2026-01-03 09:10:00,28.31,63.3,1008.68,7.33,307.78,0.0,NORMAL,0
2026-01-03 09:20:00,30.89,55.63,1006.59,6.61,262.84,0.0,NORMAL,0
2026-01-03 09:30:00,31.58,58.25,1007.72,3.74,242.34,0.0,NORMAL,0
2026-01-03 09:40:00,29.68,55.54,1007.02,7.15,280.32,0.0,NORMAL,0
2026-01-03 09:50:00,30.72,53.52,1011.15,4.29,225.85,0.0,NORMAL,0
2026-01-03 10:00:00,29.78,65.09,1007.46,4.34,248.35,2.81,NORMAL,0
2026-01-03 10:10:00,29.7,70.68,1006.36,2.89,265.95,0.0,NORMAL,0
2026-01-03 10:20:00,29.16,63.37,1006.89,4.35,299.78,4.88,NORMAL,0
2026-01-03 10:30:00,28.86,56.19,1009.83,7.18,260.59,0.0,NORMAL,0
2026-01-03 10:40:00,30.72,63.76,1007.61,4.53,222.52,0.0,SENSOR_DRIFT,1
2026-01-03 10:50:00,27.96,58.32,1010.2,6.75,248.54,0.0,NORMAL,0
2026-01-03 11:00:00,26.42,62.79,1006.54,3.05,229.97,0.0,NORMAL,0
2026-01-03 11:10:00,29.92,68.36,1007.46,3.52,254.34,0.0,SENSOR_DRIFT,1
2026-01-03 11:20:00,28.92,60.94,1008.12,3.99,275.99,4.18,NORMAL,0
2026-01-03 11:30:00,25.55,65.08,1005.79,6.72,249.08,0.41,NORMAL,0
2026-01-03 11:40:00,26.89,67.03,1008.21,7.09,271.18,0.0,NORMAL,0
2026-01-03 11:50:00,26.52,69.35,1006.73,8.04,281.17,1.19,NORMAL,0
2026-01-03 12:00:00,27.37,63.61,1009.17,3.51,285.26,0.0,NORMAL,0
2026-01-03 12:10:00,25.15,67.6,1008.95,4.4,244.03,0.0,NORMAL,0
2026-01-03 12:20:00,26.41,67.34,1006.6,11.06,233.09,0.99,NORMAL,0
2026-01-03 12:30:00,27.02,69.05,1006.86,6.32,281.67,0.0,NORMAL,0
2026-01-03 12:40:00,26.19,64.01,1007.14,3.22,213.53,0.0,NORMAL,0
2026-01-03 12:50:00,26.15,66.6,1006.92,6.39,251.81,1.18,NORMAL,0
2026-01-03 13:00:00,26.21,68.86,1008.76,8.17,287.03,0.0,NORMAL,0
2026-01-03 13:10:00,26.36,70.89,1005.12,6.55,242.04,1.01,NORMAL,0
2026-01-03 13:20:00,25.69,76.55,1007.99,7.61,236.62,1.73,NORMAL,0
2026-01-03 13:30:00,25.3,74.9,1007.42,5.52,221.34,0.05,NORMAL,0
2026-01-03 13:40:00,23.1,75.35,1005.36,4.97,253.81,0.0,NORMAL,0
2026-01-03 13:50:00,24.08,75.92,1009.07,3.66,272.27,0.0,NORMAL,0
2026-01-03 14:00:00,24.92,72.47,1007.85,7.3,253.34,0.0,NORMAL,0
2026-01-03 14:10:00,23.72,75.86,1006.45,7.98,232.05,0.21,NORMAL,0
2026-01-03 14:20:00,24.92,72.64,1008.8,7.14,288.02,0.12,NORMAL,0
2026-01-03 14:30:00,22.5,73.19,1007.96,5.48,229.22,0.05,NORMAL,0
2026-01-03 14:40:00,21.47,75.86,1007.38,3.95,257.37,0.0,NORMAL,0
2026-01-03 14:50:00,24.55,73.8,1008.59,6.6,244.28,0.0,NORMAL,0
2026-01-03 15:00:00,23.76,76.7,1003.9,5.43,239.92,0.0,NORMAL,0
2026-01-03 15:10:00,24.19,76.25,1007.61,5.53,275.54,1.41,NORMAL,0
2026-01-03 15:20:00,23.47,75.35,1004.3,6.04,261.8,0.0,NORMAL,0
2026-01-03 15:30:00,22.21,72.0,1007.04,2.35,263.32,0.0,NORMAL,0
2026-01-03 15:40:00,22.74,83.55,1005.06,9.84,259.3,3.2,NORMAL,0
2026-01-03 15:50:00,22.33,74.28,1004.93,4.12,288.4,0.0,NORMAL,0
2026-01-03 16:00:00,22.96,67.92,1006.11,10.43,259.5,0.0,STUCK_SENSOR,1
2026-01-03 16:10:00,22.64,75.33,1008.5,7.96,258.34,0.0,NORMAL,0
2026-01-03 16:20:00,22.33,76.61,1008.25,6.01,272.06,0.32,NORMAL,0
2026-01-03 16:30:00,22.51,81.72,1009.22,8.4,244.5,0.0,NORMAL,0
2026-01-03 16:40:00,22.27,67.92,1005.06,6.85,261.17,0.0,STUCK_SENSOR,1
2026-01-03 16:50:00,21.48,78.33,1009.9,7.5,209.62,1.52,NORMAL,0
2026-01-03 17:00:00,24.17,77.9,1007.48,3.66,264.74,0.0,NORMAL,0
2026-01-03 17:10:00,22.49,80.84,1007.82,4.1,253.5,0.4,NORMAL,0
2026-01-03 17:20:00,20.83,81.05,1006.98,9.72,251.43,0.0,NORMAL,0
2026-01-03 17:30:00,21.94,81.0,1008.62,2.99,238.74,0.0,NORMAL,0
2026-01-03 17:40:00,24.64,77.47,1006.07,7.39,226.26,0.0,NORMAL,0
2026-01-03 17:50:00,22.51,76.91,1006.56,5.56,241.03,2.96,NORMAL,0
2026-01-03 18:00:00,20.26,76.39,1007.66,7.7,306.81,0.0,NORMAL,0
2026-01-03 18:10:00,23.49,76.94,1006.7,6.48,244.57,0.0,NORMAL,0
2026-01-03 18:20:00,21.9,72.31,1004.27,6.92,204.14,0.0,NORMAL,0
2026-01-03 18:30:00,22.23,78.38,1008.27,5.68,219.18,1.89,NORMAL,0
2026-01-03 18:40:00,23.6,73.69,1005.47,6.06,259.23,0.81,NORMAL,0
2026-01-03 18:50:00,22.09,79.67,1006.54,11.81,200.54,3.92,NORMAL,0
2026-01-03 19:00:00,24.21,78.72,1003.99,4.95,258.16,0.0,NORMAL,0
2026-01-03 19:10:00,21.03,82.36,1004.61,5.21,241.41,0.04,NORMAL,0
2026-01-03 19:20:00,23.03,81.49,1007.56,4.13,242.03,1.58,NORMAL,0
2026-01-03 19:30:00,23.52,74.09,1006.83,5.93,246.72,0.06,NORMAL,0
2026-01-03 19:40:00,24.63,77.12,1006.18,4.79,217.57,0.56,NORMAL,0
2026-01-03 19:50:00,22.96,75.66,1007.06,8.59,165.19,0.0,NORMAL,0
2026-01-03 20:00:00,23.05,79.77,1008.57,2.86,270.47,1.99,NORMAL,0
2026-01-03 20:10:00,22.72,75.02,1005.21,5.44,218.89,0.29,NORMAL,0
2026-01-03 20:20:00,21.18,83.09,1005.13,7.72,241.69,0.0,NORMAL,0
2026-01-03 20:30:00,22.6,74.14,1006.88,8.69,158.1,0.0,NORMAL,0
2026-01-03 20:40:00,23.4,75.7,1007.39,4.57,189.6,0.0,NORMAL,0
2026-01-03 20:50:00,24.33,82.2,1004.57,7.11,205.39,0.0,NORMAL,0
2026-01-03 21:00:00,25.59,77.01,1006.5,5.52,188.29,0.27,NORMAL,0
2026-01-03 21:10:00,23.09,80.62,1008.33,5.51,215.09,0.0,NORMAL,0
2026-01-03 21:20:00,22.69,83.27,1007.94,9.52,214.76,0.08,NORMAL,0
2026-01-03 21:30:00,25.26,78.71,1006.36,5.58,183.67,0.0,NORMAL,0
2026-01-03 21:40:00,23.18,69.6,1004.74,5.32,222.94,0.31,NORMAL,0
2026-01-03 21:50:00,23.26,71.91,1004.64,6.9,234.77,1.31,NORMAL,0
2026-01-03 22:00:00,25.22,77.5,1004.04,7.0,171.96,0.0,NORMAL,0
2026-01-03 22:10:00,23.78,77.7,1004.81,7.66,192.46,0.0,NORMAL,0
2026-01-03 22:20:00,25.07,68.59,1005.44,11.47,199.72,0.0,NORMAL,0
2026-01-03 22:30:00,22.11,77.43,1006.98,7.37,176.4,0.45,NORMAL,0
2026-01-03 22:40:00,25.78,68.98,1007.7,13.45,212.66,0.0,NORMAL,0
2026-01-03 22:50:00,25.53,71.09,1002.02,8.54,183.25,0.0,NORMAL,0
2026-01-03 23:00:00,38.59,68.84,1007.02,4.73,184.84,0.0,SPIKE,1
2026-01-03 23:10:00,27.65,78.32,1003.67,9.59,182.58,1.79,NORMAL,0
2026-01-03 23:20:00,24.74,73.78,1005.64,10.2,186.65,0.0,NORMAL,0
2026-01-03 23:30:00,24.72,64.59,1007.92,3.12,156.37,0.44,NORMAL,0
2026-01-03 23:40:00,28.27,70.63,1008.92,9.01,181.84,0.0,NORMAL,0
2026-01-03 23:50:00,28.51,67.65,1006.11,6.55,175.99,0.0,NORMAL,0
2026-01-04 00:00:00,26.93,70.51,1006.55,6.97,154.79,0.0,NORMAL,0
2026-01-04 00:10:00,26.41,67.83,1005.34,7.78,188.09,3.99,NORMAL,0
2026-01-04 00:20:00,26.76,62.27,1005.99,8.12,175.91,0.4,NORMAL,0
2026-01-04 00:30:00,28.34,70.17,1008.25,5.99,184.63,0.0,NORMAL,0
2026-01-04 00:40:00,28.49,59.54,1004.06,9.91,156.24,0.16,NORMAL,0
2026-01-04 00:50:00,26.77,62.05,1005.02,6.15,176.29,1.81,NORMAL,0
2026-01-04 01:00:00,29.81,62.47,1006.03,6.22,160.9,0.0,NORMAL,0
2026-01-04 01:10:00,25.6,57.39,1004.9,8.3,155.05,0.0,NORMAL,0
2026-01-04 01:20:00,31.16,67.43,1004.26,12.67,167.9,0.46,NORMAL,0
2026-01-04 01:30:00,28.94,60.33,1007.61,8.93,177.07,0.0,NORMAL,0
2026-01-04 01:40:00,28.09,67.26,1006.05,10.21,157.47,0.0,NORMAL,0
2026-01-04 01:50:00,39.16,65.34,1005.59,6.81,103.63,0.64,SENSOR_DRIFT,1
2026-01-04 02:00:00,29.05,67.07,1008.54,7.94,172.37,0.0,NORMAL,0
2026-01-04 02:10:00,30.67,62.04,1002.21,9.08,153.82,0.0,NORMAL,0
2026-01-04 02:20:00,28.37,62.49,1005.46,5.88,169.04,0.0,NORMAL,0
2026-01-04 02:30:00,31.56,57.28,1003.06,2.33,135.57,0.0,NORMAL,0
2026-01-04 02:40:00,30.74,59.16,1002.81,7.77,133.89,0.0,NORMAL,0
2026-01-04 02:50:00,29.44,58.42,1004.31,8.09,162.92,0.03,NORMAL,0
2026-01-04 03:00:00,28.95,67.51,1004.41,9.74,158.37,0.0,NORMAL,0
2026-01-04 03:10:00,29.18,62.83,1004.08,6.23,129.58,0.0,NORMAL,0
2026-01-04 03:20:00,29.53,67.57,1003.86,5.05,154.77,0.55,NORMAL,0
2026-01-04 03:30:00,30.84,57.39,1003.68,8.36,149.51,0.67,NORMAL,0
2026-01-04 03:40:00,31.23,59.89,1003.94,10.21,205.6,0.0,NORMAL,0
2026-01-04 03:50:00,30.23,59.06,1002.82,5.94,167.0,0.0,NORMAL,0
2026-01-04 04:00:00,31.33,57.88,1005.78,6.7,101.46,0.0,NORMAL,0
2026-01-04 04:10:00,30.67,53.86,1002.55,8.5,151.34,0.0,NORMAL,0
2026-01-04 04:20:00,36.93,53.48,1004.27,10.38,108.48,0.0,SENSOR_DRIFT,1
2026-01-04 04:30:00,33.43,52.47,1006.08,5.49,144.5,0.0,NORMAL,0
2026-01-04 04:40:00,30.81,55.59,1003.47,9.69,179.1,0.27,NORMAL,0
2026-01-04 04:50:00,33.1,60.05,1006.76,8.08,110.79,0.0,NORMAL,0
2026-01-04 05:00:00,31.63,55.83,1009.02,5.07,128.33,0.0,NORMAL,0
2026-01-04 05:10:00,31.79,56.49,1004.15,10.19,152.14,2.26,NORMAL,0
2026-01-04 05:20:00,31.62,59.4,1004.94,7.6,121.84,0.0,NORMAL,0
2026-01-04 05:30:00,32.12,60.6,1004.81,8.25,116.08,0.0,NORMAL,0
2026-01-04 05:40:00,31.75,61.9,1003.75,9.28,147.23,0.0,NORMAL,0
2026-01-04 05:50:00,32.41,52.13,1001.67,12.44,158.52,0.0,NORMAL,0
2026-01-04 06:00:00,31.17,56.29,1004.61,6.6,131.38,0.0,NORMAL,0
2026-01-04 06:10:00,32.41,54.7,1005.9,8.52,83.21,0.22,NORMAL,0
2026-01-04 06:20:00,30.8,60.35,1005.19,13.06,135.11,0.16,NORMAL,0
2026-01-04 06:30:00,32.0,59.11,1003.36,12.98,114.16,0.0,NORMAL,0
2026-01-04 06:40:00,31.51,53.04,1004.5,11.7,148.82,2.69,NORMAL,0
2026-01-04 06:50:00,31.16,55.36,1004.12,8.07,80.88,0.0,NORMAL,0
2026-01-04 07:00:00,29.79,58.46,1002.9,11.65,176.82,0.83,NORMAL,0
2026-01-04 07:10:00,32.29,57.06,1005.61,11.41,124.52,0.19,NORMAL,0
2026-01-04 07:20:00,31.6,57.68,1006.51,10.95,123.98,0.02,NORMAL,0
2026-01-04 07:30:00,31.67,57.81,1003.53,12.76,76.02,0.75,NORMAL,0
2026-01-04 07:40:00,30.48,59.73,1005.99,10.86,107.72,0.0,NORMAL,0
2026-01-04 07:50:00,30.58,51.06,1003.71,11.99,127.47,0.0,NORMAL,0
2026-01-04 08:00:00,33.44,67.92,1005.12,7.77,99.67,0.0,STUCK_SENSOR,1
2026-01-04 08:10:00,31.63,57.66,1001.53,10.32,113.11,0.52,NORMAL,0
2026-01-04 08:20:00,32.28,56.45,1005.41,7.43,68.59,1.13,NORMAL,0
2026-01-04 08:30:00,31.65,57.53,1003.95,8.71,126.66,0.0,NORMAL,0
2026-01-04 08:40:00,30.68,63.56,1001.88,8.88,107.52,0.0,NORMAL,0
2026-01-04 08:50:00,29.86,56.17,1005.89,10.09,109.46,0.0,NORMAL,0
2026-01-04 09:00:00,29.36,62.1,1003.72,8.17,72.18,0.0,NORMAL,0
2026-01-04 09:10:00,28.34,56.56,1006.86,10.29,144.49,1.45,NORMAL,0
2026-01-04 09:20:00,30.62,55.84,1005.94,13.01,78.38,0.03,NORMAL,0
2026-01-04 09:30:00,27.56,60.18,1004.24,10.33,87.52,0.0,NORMAL,0
2026-01-04 09:40:00,30.58,57.72,1006.46,10.16,112.24,0.43,NORMAL,0
2026-01-04 09:50:00,29.42,63.71,1005.62,11.1,70.59,0.0,NORMAL,0
2026-01-04 10:00:00,29.13,64.94,1005.49,13.39,111.05,0.16,NORMAL,0
2026-01-04 10:10:00,28.26,71.58,1003.54,13.66,86.94,0.52,NORMAL,0
2026-01-04 10:20:00,28.5,63.54,1004.34,10.87,97.71,2.26,NORMAL,0
2026-01-04 10:30:00,27.99,62.85,1006.13,12.37,96.21,0.0,NORMAL,0
2026-01-04 10:40:00,30.24,66.48,1002.84,9.86,89.05,0.51,NORMAL,0
2026-01-04 10:50:00,29.53,58.68,1002.79,12.35,109.77,0.0,NORMAL,0
2026-01-04 11:00:00,28.62,72.09,1006.07,12.45,116.3,0.02,NORMAL,0
2026-01-04 11:10:00,28.08,67.03,1002.87,8.31,80.69,0.0,NORMAL,0
2026-01-04 11:20:00,28.54,65.55,1006.97,15.6,93.61,0.0,NORMAL,0
2026-01-04 11:30:00,26.31,71.43,1006.92,10.33,121.7,0.0,NORMAL,0
2026-01-04 11:40:00,29.57,66.23,1007.0,8.39,77.78,0.0,NORMAL,0
2026-01-04 11:50:00,28.96,65.83,1005.22,12.39,69.63,0.0,NORMAL,0
2026-01-04 12:00:00,26.61,65.07,1003.7,12.36,109.86,0.0,NORMAL,0
2026-01-04 12:10:00,25.62,70.95,1001.54,10.53,133.84,0.0,NORMAL,0
2026-01-04 12:20:00,27.54,64.19,1003.17,7.47,41.94,0.08,NORMAL,0
2026-01-04 12:30:00,26.84,63.94,1004.39,7.89,113.81,0.0,NORMAL,0
2026-01-04 12:40:00,27.07,67.02,1005.32,6.18,80.74,2.65,NORMAL,0
2026-01-04 12:50:00,25.9,63.52,1005.15,9.32,138.39,0.41,NORMAL,0
2026-01-04 13:00:00,24.88,73.1,1003.59,9.11,127.62,0.0,NORMAL,0
2026-01-04 13:10:00,25.26,69.23,1008.53,9.12,121.92,0.0,NORMAL,0
2026-01-04 13:20:00,26.29,74.92,1005.47,12.4,158.46,0.0,NORMAL,0
2026-01-04 13:30:00,25.41,75.71,1003.44,12.32,94.02,0.0,NORMAL,0
2026-01-04 13:40:00,23.25,70.17,1004.71,7.95,82.77,0.0,NORMAL,0
2026-01-04 13:50:00,26.33,74.85,1004.87,12.66,88.7,0.0,NORMAL,0
2026-01-04 14:00:00,23.45,77.88,1006.24,9.78,52.56,0.0,NORMAL,0
2026-01-04 14:10:00,24.31,71.72,1006.88,10.87,101.42,0.0,NORMAL,0
2026-01-04 14:20:00,25.52,69.49,1004.85,11.4,113.15,0.0,NORMAL,0
2026-01-04 14:30:00,22.54,73.92,1004.27,12.43,93.89,0.0,NORMAL,0
2026-01-04 14:40:00,23.83,73.6,1002.71,10.56,71.43,0.0,NORMAL,0
2026-01-04 14:50:00,40.87,73.86,1005.13,10.14,112.26,0.0,SPIKE,1
2026-01-04 15:00:00,24.81,74.09,1003.35,12.43,107.75,0.0,NORMAL,0
2026-01-04 15:10:00,20.68,72.35,1003.47,10.87,96.02,0.33,NORMAL,0
2026-01-04 15:20:00,30.31,78.65,1003.49,11.18,125.19,0.72,SENSOR_DRIFT,1
2026-01-04 15:30:00,24.49,75.09,1001.79,9.61,63.28,0.0,NORMAL,0
2026-01-04 15:40:00,23.9,78.28,1004.12,10.58,98.52,0.0,NORMAL,0
2026-01-04 15:50:00,19.83,82.79,1003.95,10.64,112.99,0.09,NORMAL,0
2026-01-04 16:00:00,24.43,77.41,1001.95,11.67,149.57,0.0,NORMAL,0
2026-01-04 16:10:00,24.11,76.12,1005.82,11.44,171.94,0.0,NORMAL,0
2026-01-04 16:20:00,21.22,82.1,1003.59,12.23,155.76,0.0,NORMAL,0
2026-01-04 16:30:00,20.15,77.59,1003.77,11.42,119.62,0.0,NORMAL,0
2026-01-04 16:40:00,21.46,79.43,1002.93,12.6,140.61,0.0,NORMAL,0
2026-01-04 16:50:00,20.4,76.98,1003.73,12.12,108.95,0.02,NORMAL,0
2026-01-04 17:00:00,22.36,80.48,1007.74,11.89,151.35,0.0,NORMAL,0
2026-01-04 17:10:00,21.21,81.49,1003.67,10.31,117.79,0.0,NORMAL,0
2026-01-04 17:20:00,24.01,77.19,1002.79,7.66,119.24,0.42,NORMAL,0
2026-01-04 17:30:00,22.58,81.49,1001.52,11.58,120.08,0.0,NORMAL,0
2026-01-04 17:40:00,22.99,77.01,1004.63,10.14,77.52,0.31,NORMAL,0
2026-01-04 17:50:00,22.11,75.99,1001.48,12.11,94.42,0.0,NORMAL,0
2026-01-04 18:00:00,22.76,77.22,1003.78,11.15,183.94,0.0,NORMAL,0
2026-01-04 18:10:00,21.27,73.63,1004.18,13.06,106.75,0.0,NORMAL,0
2026-01-04 18:20:00,25.19,75.38,1004.27,10.87,139.41,0.0,NORMAL,0
2026-01-04 18:30:00,21.07,79.65,1006.54,11.42,140.07,1.55,NORMAL,0
2026-01-04 18:40:00,20.88,82.14,1003.59,9.53,105.26,0.0,NORMAL,0
2026-01-04 18:50:00,23.14,79.49,1005.43,14.41,113.0,1.59,NORMAL,0
2026-01-04 19:00:00,22.8,70.17,1005.41,13.61,139.42,0.01,NORMAL,0
2026-01-04 19:10:00,23.71,84.11,1004.43,12.51,115.63,0.0,NORMAL,0
2026-01-04 19:20:00,22.46,80.06,1001.37,8.82,97.42,0.0,NORMAL,0
2026-01-04 19:30:00,19.93,75.69,1004.25,10.19,125.1,0.0,NORMAL,0
2026-01-04 19:40:00,21.3,85.61,1005.24,6.73,131.38,0.12,NORMAL,0
2026-01-04 19:50:00,23.06,81.68,1004.87,9.0,173.37,0.0,NORMAL,0
2026-01-04 20:00:00,21.46,82.65,1006.01,13.97,156.39,0.0,NORMAL,0
2026-01-04 20:10:00,24.02,75.3,1006.87,15.22,132.42,0.0,NORMAL,0
2026-01-04 20:20:00,24.0,72.9,1004.91,11.52,149.45,0.03,NORMAL,0
2026-01-04 20:30:00,25.07,81.87,1002.27,13.14,159.53,0.95,NORMAL,0
2026-01-04 20:40:00,21.33,81.07,1004.1,9.47,153.8,0.0,NORMAL,0
2026-01-04 20:50:00,23.17,74.2,1004.46,9.63,148.41,2.18,NORMAL,0
2026-01-04 21:00:00,23.05,73.88,1003.68,11.86,118.74,0.0,NORMAL,0
2026-01-04 21:10:00,24.1,84.25,1004.72,14.72,141.28,0.78,NORMAL,0
2026-01-04 21:20:00,23.94,72.86,1003.57,12.83,131.91,0.0,NORMAL,0
2026-01-04 21:30:00,23.76,74.13,1006.08,12.87,125.29,0.0,NORMAL,0
2026-01-04 21:40:00,25.96,69.89,1003.2,10.9,136.9,0.31,NORMAL,0
2026-01-04 21:50:00,22.81,75.05,1003.78,10.46,161.88,0.98,NORMAL,0
2026-01-04 22:00:00,25.09,80.66,1006.39,8.59,160.41,0.0,NORMAL,0
2026-01-04 22:10:00,23.87,66.73,1003.03,13.77,198.53,0.0,NORMAL,0
2026-01-04 22:20:00,23.85,77.83,1004.13,11.23,186.34,0.0,NORMAL,0
2026-01-04 22:30:00,25.08,69.92,1005.71,9.51,209.66,0.0,NORMAL,0
2026-01-04 22:40:00,26.56,70.97,1003.68,10.9,174.62,0.65,NORMAL,0
2026-01-04 22:50:00,27.38,74.21,1003.88,13.58,145.75,0.0,NORMAL,0
2026-01-04 23:00:00,34.12,70.34,1000.45,10.06,171.99,0.0,SENSOR_DRIFT,1
2026-01-04 23:10:00,23.07,68.86,1006.44,11.71,173.62,0.0,NORMAL,0
2026-01-04 23:20:00,28.08,74.58,1004.61,9.53,207.03,0.0,NORMAL,0
2026-01-04 23:30:00,27.27,70.33,1002.12,9.58,188.36,0.15,NORMAL,0
2026-01-04 23:40:00,27.43,70.2,1005.26,6.68,166.88,0.07,NORMAL,0
2026-01-04 23:50:00,28.06,64.75,1003.32,10.79,186.4,0.0,NORMAL,0
2026-01-05 00:00:00,27.86,63.23,1003.72,12.84,131.52,0.0,NORMAL,0
2026-01-05 00:10:00,27.6,66.77,1005.16,15.88,202.08,0.16,NORMAL,0
2026-01-05 00:20:00,27.8,66.67,1004.42,9.8,164.68,0.0,NORMAL,0
2026-01-05 00:30:00,26.76,68.31,1004.62,7.39,190.59,0.0,NORMAL,0
2026-01-05 00:40:00,28.16,61.05,1003.51,10.46,172.05,0.0,NORMAL,0
2026-01-05 00:50:00,26.65,60.99,1003.12,11.5,213.21,0.0,NORMAL,0
2026-01-05 01:00:00,29.27,62.51,1001.98,10.28,201.56,0.78,NORMAL,0
2026-01-05 01:10:00,27.21,66.38,1004.21,7.78,224.07,0.0,NORMAL,0
2026-01-05 01:20:00,31.98,64.44,1004.44,9.4,215.4,0.26,NORMAL,0
2026-01-05 01:30:00,27.15,53.96,1005.41,13.1,178.92,0.0,NORMAL,0
2026-01-05 01:40:00,29.37,62.92,1002.91,7.48,208.92,0.14,NORMAL,0
2026-01-05 01:50:00,29.59,65.01,1004.62,7.98,196.11,0.12,NORMAL,0
2026-01-05 02:00:00,27.9,55.97,1003.23,7.27,236.55,0.0,NORMAL,0
2026-01-05 02:10:00,29.21,58.15,1005.63,7.51,191.48,0.0,NORMAL,0
2026-01-05 02:20:00,30.71,59.79,1002.99,9.73,210.12,0.37,NORMAL,0
2026-01-05 02:30:00,28.59,62.15,1005.81,10.98,207.94,0.0,NORMAL,0
2026-01-05 02:40:00,29.89,60.91,1004.87,6.91,141.82,0.0,NORMAL,0
2026-01-05 02:50:00,27.78,65.39,1003.4,12.42,235.99,0.0,NORMAL,0
2026-01-05 03:00:00,30.65,62.74,1001.58,7.6,189.79,0.84,NORMAL,0
2026-01-05 03:10:00,31.35,54.92,1003.62,10.52,132.39,0.71,NORMAL,0
2026-01-05 03:20:00,33.38,61.91,1001.48,10.37,196.69,0.0,SENSOR_DRIFT,1
2026-01-05 03:30:00,28.25,56.46,1005.25,11.84,223.69,1.02,NORMAL,0
2026-01-05 03:40:00,31.09,59.97,1005.4,10.03,233.48,0.0,NORMAL,0
2026-01-05 03:50:00,30.51,57.28,1005.09,4.92,237.38,0.0,NORMAL,0
2026-01-05 04:00:00,30.77,42.83,1004.7,9.85,256.42,0.0,NORMAL,0
2026-01-05 04:10:00,32.62,64.57,1004.78,11.04,230.65,0.0,NORMAL,0
2026-01-05 04:20:00,33.23,50.21,1005.79,9.85,218.96,0.47,NORMAL,0
2026-01-05 04:30:00,31.81,57.83,1005.38,11.73,192.75,0.0,NORMAL,0
2026-01-05 04:40:00,33.32,61.23,1006.66,11.27,178.78,0.68,NORMAL,0
2026-01-05 04:50:00,33.45,60.53,1006.14,10.47,238.89,0.0,NORMAL,0
2026-01-05 05:00:00,38.82,58.29,1003.89,10.41,246.27,0.0,SENSOR_DRIFT,1
2026-01-05 05:10:00,30.56,50.39,1003.88,7.52,239.26,0.0,NORMAL,0
2026-01-05 05:20:00,32.13,62.17,1004.29,9.31,268.07,0.0,NORMAL,0
2026-01-05 05:30:00,31.41,55.95,1005.8,6.89,239.11,0.0,NORMAL,0
2026-01-05 05:40:00,32.82,67.92,1004.09,10.09,185.33,0.0,STUCK_SENSOR,1
2026-01-05 05:50:00,32.88,51.37,1004.61,6.68,213.66,7.73,NORMAL,0
2026-01-05 06:00:00,33.7,50.04,1004.68,9.26,223.67,0.0,NORMAL,0
2026-01-05 06:10:00,31.52,56.53,1007.27,10.71,207.6,0.69,NORMAL,0
2026-01-05 06:20:00,33.35,50.41,1004.4,10.48,244.98,2.39,NORMAL,0
2026-01-05 06:30:00,32.71,55.31,1002.42,7.08,229.55,0.36,NORMAL,0
2026-01-05 06:40:00,29.37,54.67,1005.67,10.41,269.83,0.29,NORMAL,0
2026-01-05 06:50:00,31.98,51.89,1003.73,10.66,219.04,0.0,NORMAL,0
2026-01-05 07:00:00,33.16,53.15,1006.97,7.26,228.44,0.0,NORMAL,0
2026-01-05 07:10:00,31.34,54.91,1002.16,10.81,191.86,0.0,NORMAL,0
2026-01-05 07:20:00,30.79,56.06,1003.76,10.75,234.71,0.0,NORMAL,0
2026-01-05 07:30:00,31.44,52.2,1003.6,9.82,262.15,0.85,NORMAL,0
2026-01-05 07:40:00,33.18,53.03,1005.19,9.32,251.43,0.0,NORMAL,0
2026-01-05 07:50:00,33.02,53.38,1001.79,8.9,225.29,0.0,NORMAL,0
2026-01-05 08:00:00,36.03,53.62,1004.37,11.14,219.32,0.0,SENSOR_DRIFT,1
2026-01-05 08:10:00,30.28,55.54,1005.33,5.99,247.65,0.0,NORMAL,0
2026-01-05 08:20:00,30.1,59.1,1009.77,9.9,246.5,0.0,NORMAL,0
2026-01-05 08:30:00,32.78,51.66,1003.8,8.84,243.16,0.0,NORMAL,0
2026-01-05 08:40:00,31.89,55.99,1005.85,8.66,253.33,0.0,NORMAL,0
2026-01-05 08:50:00,30.03,67.92,1004.69,7.11,268.76,1.36,STUCK_SENSOR,1
2026-01-05 09:00:00,29.16,60.69,1002.94,15.14,244.54,0.19,NORMAL,0
2026-01-05 09:10:00,29.64,66.99,1005.28,10.16,272.88,0.0,NORMAL,0
2026-01-05 09:20:00,29.28,68.31,1006.73,6.97,259.86,0.0,NORMAL,0
2026-01-05 09:30:00,31.54,65.45,1002.15,8.76,283.01,1.05,NORMAL,0
2026-01-05 09:40:00,29.99,65.86,1005.65,4.2,250.15,0.62,NORMAL,0
2026-01-05 09:50:00,30.14,59.98,1004.63,10.35,238.23,0.0,NORMAL,0
2026-01-05 10:00:00,30.98,58.04,1005.16,8.88,247.77,1.21,NORMAL,0
2026-01-05 10:10:00,28.73,64.41,1006.48,8.37,256.75,0.63,NORMAL,0
2026-01-05 10:20:00,28.74,61.74,1007.92,8.45,285.0,0.03,NORMAL,0
2026-01-05 10:30:00,27.98,57.87,1005.41,12.82,288.49,1.38,NORMAL,0
2026-01-05 10:40:00,28.94,67.92,1006.41,9.95,248.02,2.53,STUCK_SENSOR,1
2026-01-05 10:50:00,28.51,65.0,1007.3,8.42,263.84,1.01,NORMAL,0
2026-01-05 11:00:00,28.57,59.71,1004.46,8.5,288.89,0.0,NORMAL,0
2026-01-05 11:10:00,30.24,66.18,1008.61,12.41,192.67,0.64,NORMAL,0
2026-01-05 11:20:00,27.42,62.42,1005.63,10.94,264.04,0.0,NORMAL,0
2026-01-05 11:30:00,27.41,64.42,1007.62,4.83,263.59,0.0,NORMAL,0
2026-01-05 11:40:00,27.15,68.04,1006.02,8.46,249.69,0.0,NORMAL,0
2026-01-05 11:50:00,28.39,67.38,1003.32,6.76,235.51,0.14,NORMAL,0
2026-01-05 12:00:00,29.25,68.67,1005.38,6.88,301.8,1.96,NORMAL,0
2026-01-05 12:10:00,28.8,64.49,1005.37,6.48,277.46,0.94,NORMAL,0
2026-01-05 12:20:00,24.9,74.13,1003.58,4.6,229.52,0.0,NORMAL,0
2026-01-05 12:30:00,26.25,69.49,1009.13,7.89,270.79,0.8,NORMAL,0
2026-01-05 12:40:00,27.1,67.87,1007.55,5.49,247.51,0.0,NORMAL,0
2026-01-05 12:50:00,25.65,70.86,1005.74,8.99,294.79,0.0,NORMAL,0
2026-01-05 13:00:00,26.35,77.99,1006.23,4.59,278.77,0.0,NORMAL,0
2026-01-05 13:10:00,23.21,72.67,1004.57,2.75,278.35,0.0,NORMAL,0
2026-01-05 13:20:00,24.72,72.38,1004.18,6.86,253.53,0.12,NORMAL,0
2026-01-05 13:30:00,23.64,74.07,1007.0,8.44,233.27,0.0,NORMAL,0
2026-01-05 13:40:00,25.95,72.23,1003.26,8.28,215.97,3.55,NORMAL,0
2026-01-05 13:50:00,23.41,71.09,1005.72,7.76,257.1,0.0,NORMAL,0
2026-01-05 14:00:00,24.03,70.48,1006.33,11.76,251.0,0.47,NORMAL,0
2026-01-05 14:10:00,23.54,72.9,1007.09,7.4,263.85,1.75,NORMAL,0
2026-01-05 14:20:00,23.76,73.02,1002.98,10.69,266.29,0.0,NORMAL,0
2026-01-05 14:30:00,24.18,79.57,1008.95,6.37,269.69,0.0,NORMAL,0
2026-01-05 14:40:00,23.73,75.27,1005.72,7.91,246.66,0.0,NORMAL,0
2026-01-05 14:50:00,24.62,77.59,1007.24,4.44,225.42,0.0,NORMAL,0
2026-01-05 15:00:00,22.8,81.62,1009.65,8.14,291.03,0.0,NORMAL,0
2026-01-05 15:10:00,23.32,76.01,1004.98,5.61,226.94,0.6,NORMAL,0
2026-01-05 15:20:00,24.31,76.98,1007.63,6.09,241.64,0.0,NORMAL,0
2026-01-05 15:30:00,22.85,77.45,1004.54,5.06,256.61,0.0,NORMAL,0
2026-01-05 15:40:00,22.11,81.71,1009.91,3.26,213.54,0.0,NORMAL,0
2026-01-05 15:50:00,21.78,77.22,1005.96,6.31,245.19,0.0,NORMAL,0
2026-01-05 16:00:00,23.17,82.5,1007.3,6.5,270.55,0.03,NORMAL,0
2026-01-05 16:10:00,22.6,75.77,1006.63,6.57,257.66,0.0,NORMAL,0
2026-01-05 16:20:00,22.98,85.64,1006.6,6.0,250.74,0.0,NORMAL,0
2026-01-05 16:30:00,23.53,71.35,1006.64,7.81,261.39,0.0,NORMAL,0
2026-01-05 16:40:00,22.96,82.14,1004.89,8.57,243.58,1.77,NORMAL,0
2026-01-05 16:50:00,21.79,78.04,1006.02,5.43,266.9,2.11,NORMAL,0
2026-01-05 17:00:00,21.27,80.31,1006.38,6.08,275.6,0.0,NORMAL,0
2026-01-05 17:10:00,21.61,82.44,1006.93,7.6,241.39,0.56,NORMAL,0
2026-01-05 17:20:00,20.99,85.52,1007.94,6.49,263.56,0.82,NORMAL,0
2026-01-05 17:30:00,22.06,75.27,1006.26,8.64,248.64,0.0,NORMAL,0
2026-01-05 17:40:00,22.46,81.92,1007.76,7.09,279.48,0.0,NORMAL,0
2026-01-05 17:50:00,22.27,78.16,1006.97,8.52,220.85,2.02,NORMAL,0
2026-01-05 18:00:00,24.03,85.72,1004.56,4.3,239.39,0.0,NORMAL,0
2026-01-05 18:10:00,21.87,82.31,1005.62,7.99,239.8,0.0,NORMAL,0
2026-01-05 18:20:00,22.11,82.48,1004.82,5.61,241.97,0.0,NORMAL,0
2026-01-05 18:30:00,19.96,73.36,1005.12,7.58,197.17,2.56,NORMAL,0
2026-01-05 18:40:00,21.35,78.26,1008.62,6.78,211.44,0.1,NORMAL,0
2026-01-05 18:50:00,23.31,83.1,1007.28,5.62,233.33,0.0,NORMAL,0
2026-01-05 19:00:00,19.99,86.45,1008.94,6.79,223.61,0.0,NORMAL,0
2026-01-05 19:10:00,19.85,80.78,1005.23,5.13,219.22,1.43,NORMAL,0
2026-01-05 19:20:00,20.2,73.47,1007.63,2.75,207.1,0.0,NORMAL,0
2026-01-05 19:30:00,23.38,82.83,1005.82,7.19,213.77,0.0,NORMAL,0
2026-01-05 19:40:00,23.27,77.62,1004.72,6.02,235.4,0.0,NORMAL,0
2026-01-05 19:50:00,21.39,84.64,1008.52,7.99,195.37,0.0,NORMAL,0
2026-01-05 20:00:00,20.46,73.92,1005.55,7.72,229.76,0.0,NORMAL,0
2026-01-05 20:10:00,20.92,76.93,1006.58,6.89,212.39,0.0,NORMAL,0
2026-01-05 20:20:00,22.98,80.01,1006.54,7.29,207.79,0.0,NORMAL,0
2026-01-05 20:30:00,21.12,75.83,1006.56,4.7,181.45,0.0,NORMAL,0
2026-01-05 20:40:00,22.26,88.25,1006.74,4.75,268.48,0.0,NORMAL,0
2026-01-05 20:50:00,22.8,75.26,1006.56,6.28,191.89,0.0,NORMAL,0
2026-01-05 21:00:00,24.04,74.16,1006.62,6.64,221.37,0.0,NORMAL,0
2026-01-05 21:10:00,21.59,76.42,1006.52,5.68,213.48,0.0,NORMAL,0
2026-01-05 21:20:00,24.21,72.93,1010.22,4.33,216.55,0.0,NORMAL,0
2026-01-05 21:30:00,23.3,71.35,1006.29,6.85,242.21,0.74,NORMAL,0
2026-01-05 21:40:00,24.09,78.38,1009.1,6.36,145.58,4.3,NORMAL,0
2026-01-05 21:50:00,24.08,81.13,1009.47,5.61,231.49,0.0,NORMAL,0
2026-01-05 22:00:00,24.27,70.53,1010.36,5.81,158.15,0.0,NORMAL,0
2026-01-05 22:10:00,24.2,70.52,1009.11,4.29,161.71,0.06,NORMAL,0
2026-01-05 22:20:00,23.92,71.75,1005.79,7.27,216.67,0.0,NORMAL,0
2026-01-05 22:30:00,24.39,69.79,1008.59,4.4,218.69,0.0,NORMAL,0
2026-01-05 22:40:00,26.43,69.29,1006.56,4.51,214.37,0.09,NORMAL,0
2026-01-05 22:50:00,25.84,71.95,1007.75,4.03,193.55,0.0,NORMAL,0
2026-01-05 23:00:00,26.22,64.91,1005.8,6.4,156.79,0.0,NORMAL,0
2026-01-05 23:10:00,26.68,73.1,1009.19,0.43,249.94,0.0,NORMAL,0
2026-01-05 23:20:00,24.39,70.59,1007.79,8.13,183.14,0.28,NORMAL,0
2026-01-05 23:30:00,28.01,68.88,1008.01,6.33,167.22,0.0,NORMAL,0
2026-01-05 23:40:00,26.18,70.51,1007.17,4.22,188.01,3.65,NORMAL,0
2026-01-05 23:50:00,28.4,67.28,1008.91,6.78,217.32,0.61,NORMAL,0
2026-01-06 00:00:00,27.06,72.63,1009.42,1.63,183.5,0.0,NORMAL,0
2026-01-06 00:10:00,27.73,61.34,1008.88,4.0,174.73,0.0,NORMAL,0
2026-01-06 00:20:00,26.23,71.35,1008.69,7.6,201.73,0.0,NORMAL,0
2026-01-06 00:30:00,27.64,72.47,1006.61,2.38,195.18,1.93,NORMAL,0
2026-01-06 00:40:00,29.08,60.85,1006.8,7.9,146.54,0.0,NORMAL,0
2026-01-06 00:50:00,30.15,69.72,1007.55,6.2,174.35,0.0,NORMAL,0
2026-01-06 01:00:00,27.33,68.01,1007.86,4.91,205.93,0.0,NORMAL,0
2026-01-06 01:10:00,27.99,72.11,1006.97,6.02,181.78,0.0,NORMAL,0
2026-01-06 01:20:00,29.63,69.67,1005.36,6.95,160.07,0.6,NORMAL,0
2026-01-06 01:30:00,31.62,65.61,1008.77,5.98,155.76,1.06,NORMAL,0
2026-01-06 01:40:00,27.07,63.23,1010.2,7.77,171.46,0.0,NORMAL,0
2026-01-06 01:50:00,30.85,59.44,1006.2,5.92,154.86,6.9,NORMAL,0
2026-01-06 02:00:00,30.5,66.49,1007.45,11.53,157.52,0.0,NORMAL,0
2026-01-06 02:10:00,37.23,66.0,1008.83,6.93,154.54,0.0,SENSOR_DRIFT,1
2026-01-06 02:20:00,27.1,59.11,1008.53,8.17,155.47,0.0,NORMAL,0
2026-01-06 02:30:00,32.1,62.73,1009.69,9.05,144.05,0.7,NORMAL,0
2026-01-06 02:40:00,33.61,64.82,1006.97,5.57,165.92,0.12,NORMAL,0
2026-01-06 02:50:00,31.56,53.41,1009.37,4.8,206.18,0.0,NORMAL,0
2026-01-06 03:00:00,31.91,63.24,1005.88,5.16,146.17,0.35,NORMAL,0
2026-01-06 03:10:00,30.85,58.17,1005.92,5.22,136.94,2.37,NORMAL,0
2026-01-06 03:20:00,30.81,57.07,1005.78,1.0,184.19,0.34,NORMAL,0
2026-01-06 03:30:00,32.91,65.1,1008.99,5.33,142.43,0.16,NORMAL,0
2026-01-06 03:40:00,29.48,67.92,1008.76,3.5,161.64,0.0,STUCK_SENSOR,1
2026-01-06 03:50:00,31.27,55.18,1009.93,1.45,215.17,0.0,NORMAL,0
2026-01-06 04:00:00,31.66,63.46,1007.95,6.42,139.28,0.13,NORMAL,0
2026-01-06 04:10:00,30.58,63.2,1009.92,5.46,119.75,0.0,NORMAL,0
2026-01-06 04:20:00,30.36,49.5,1004.08,6.23,125.89,0.0,NORMAL,0
2026-01-06 04:30:00,32.59,59.84,1007.85,6.54,164.77,0.0,NORMAL,0
2026-01-06 04:40:00,30.47,59.85,1009.58,7.61,131.44,0.72,NORMAL,0
2026-01-06 04:50:00,32.96,51.63,1009.73,6.31,137.39,0.0,NORMAL,0
2026-01-06 05:00:00,31.61,63.59,1010.69,6.51,133.17,0.0,NORMAL,0
2026-01-06 05:10:00,30.36,55.72,1009.41,7.13,147.97,0.0,NORMAL,0
2026-01-06 05:20:00,31.26,58.99,1008.9,5.38,107.39,0.0,NORMAL,0
2026-01-06 05:30:00,29.17,51.07,1008.43,3.43,141.86,0.0,NORMAL,0
2026-01-06 05:40:00,30.73,51.47,1009.19,4.17,123.6,0.0,NORMAL,0
2026-01-06 05:50:00,30.73,55.1,1009.24,6.83,138.28,0.05,NORMAL,0
2026-01-06 06:00:00,33.58,52.39,1009.54,4.56,124.23,0.04,NORMAL,0
2026-01-06 06:10:00,31.64,46.58,1012.19,7.36,114.59,0.0,NORMAL,0
2026-01-06 06:20:00,33.02,54.4,1008.03,3.82,97.38,0.0,NORMAL,0
2026-01-06 06:30:00,32.28,55.94,1009.86,8.75,110.45,2.07,NORMAL,0
2026-01-06 06:40:00,32.57,50.86,1007.42,1.54,163.27,0.0,NORMAL,0
2026-01-06 06:50:00,32.81,67.92,1009.12,5.26,175.58,0.0,STUCK_SENSOR,1
2026-01-06 07:00:00,31.56,52.18,1009.65,4.37,101.55,0.53,NORMAL,0
2026-01-06 07:10:00,29.45,52.91,1009.62,3.86,141.43,0.0,NORMAL,0
2026-01-06 07:20:00,34.06,53.77,1011.05,6.25,133.78,0.0,NORMAL,0
2026-01-06 07:30:00,30.46,60.43,1006.42,4.56,108.79,0.26,NORMAL,0
2026-01-06 07:40:00,31.91,62.1,1009.89,1.25,101.61,0.0,NORMAL,0
2026-01-06 07:50:00,31.64,57.04,1008.29,6.28,129.48,0.0,NORMAL,0
2026-01-06 08:00:00,31.98,57.02,1011.72,5.91,149.91,1.15,NORMAL,0
2026-01-06 08:10:00,31.15,64.94,1006.94,4.57,111.24,0.0,NORMAL,0
2026-01-06 08:20:00,29.12,60.65,1009.96,4.69,114.34,0.44,NORMAL,0
2026-01-06 08:30:00,31.69,67.92,1010.59,4.81,85.36,0.49,STUCK_SENSOR,1
2026-01-06 08:40:00,32.53,59.84,1008.94,7.68,84.44,0.57,NORMAL,0
2026-01-06 08:50:00,35.52,60.05,1011.06,7.28,103.39,0.54,SENSOR_DRIFT,1
2026-01-06 09:00:00,30.98,67.83,1010.92,5.05,89.4,0.43,NORMAL,0
2026-01-06 09:10:00,30.35,61.44,1007.92,6.7,97.83,2.93,NORMAL,0
2026-01-06 09:20:00,29.56,54.35,1008.87,3.99,109.02,0.5,NORMAL,0
2026-01-06 09:30:00,31.4,58.65,1011.76,7.33,136.6,0.0,NORMAL,0
2026-01-06 09:40:00,29.11,60.59,1010.37,3.88,77.61,0.0,NORMAL,0
2026-01-06 09:50:00,31.87,65.67,1010.93,7.86,94.18,0.06,SENSOR_DRIFT,1
2026-01-06 10:00:00,27.8,59.74,1009.48,3.9,90.12,0.0,NORMAL,0
2026-01-06 10:10:00,30.25,59.78,1010.09,5.91,124.05,0.0,NORMAL,0
2026-01-06 10:20:00,28.0,59.73,1011.05,4.17,109.64,0.0,NORMAL,0
2026-01-06 10:30:00,27.56,72.08,1010.86,4.83,105.85,0.0,NORMAL,0
2026-01-06 10:40:00,28.33,63.5,1010.0,5.31,145.55,0.0,NORMAL,0
2026-01-06 10:50:00,28.83,66.2,1007.9,4.94,79.47,0.0,NORMAL,0
2026-01-06 11:00:00,28.98,67.16,1010.23,5.38,114.97,0.32,NORMAL,0
2026-01-06 11:10:00,27.18,71.19,1009.4,5.21,61.83,0.0,NORMAL,0
2026-01-06 11:20:00,29.68,74.18,1011.09,5.25,73.62,0.02,NORMAL,0
2026-01-06 11:30:00,26.94,66.05,1010.53,4.4,142.37,3.32,NORMAL,0
2026-01-06 11:40:00,28.17,68.88,1011.27,4.3,70.12,0.19,NORMAL,0
2026-01-06 11:50:00,27.69,62.24,1009.55,4.1,116.68,0.0,NORMAL,0
2026-01-06 12:00:00,25.44,66.47,1010.89,6.38,94.39,0.02,NORMAL,0
2026-01-06 12:10:00,26.86,76.02,1008.84,3.43,111.39,0.53,NORMAL,0
2026-01-06 12:20:00,32.25,68.91,1009.26,5.44,122.23,0.0,SENSOR_DRIFT,1
2026-01-06 12:30:00,26.27,74.18,1009.16,3.58,69.95,0.0,NORMAL,0
2026-01-06 12:40:00,24.69,65.51,1011.04,7.13,129.72,0.0,NORMAL,0
2026-01-06 12:50:00,70.0,64.49,1010.27,0.84,70.39,0.0,OUT_OF_BOUNDS,1
2026-01-06 13:00:00,25.21,66.38,1011.7,7.43,118.24,0.0,NORMAL,0
2026-01-06 13:10:00,22.79,71.95,1010.23,6.67,95.31,2.15,NORMAL,0
2026-01-06 13:20:00,22.6,72.47,1008.82,4.04,115.17,0.14,NORMAL,0
2026-01-06 13:30:00,24.95,75.96,1008.58,9.39,159.51,0.0,NORMAL,0
2026-01-06 13:40:00,26.76,66.85,1008.47,6.27,82.61,0.09,NORMAL,0
2026-01-06 13:50:00,23.31,78.72,1009.55,4.27,49.07,0.0,NORMAL,0
2026-01-06 14:00:00,24.64,74.17,1012.74,4.44,91.56,0.23,NORMAL,0
2026-01-06 14:10:00,23.03,71.75,1012.17,5.81,126.66,0.0,NORMAL,0
2026-01-06 14:20:00,23.28,73.13,1013.21,7.35,95.51,0.38,NORMAL,0
2026-01-06 14:30:00,24.52,80.58,1013.09,8.4,147.69,0.17,NORMAL,0
2026-01-06 14:40:00,24.29,77.08,1010.58,4.3,118.66,0.0,NORMAL,0
2026-01-06 14:50:00,23.63,70.46,1010.74,2.81,120.76,0.0,NORMAL,0
2026-01-06 15:00:00,24.96,79.01,1011.79,10.17,128.9,0.84,NORMAL,0
2026-01-06 15:10:00,23.18,70.67,1011.63,8.69,120.43,0.0,NORMAL,0
2026-01-06 15:20:00,25.32,79.54,1011.06,4.36,95.06,0.36,NORMAL,0
2026-01-06 15:30:00,21.23,76.41,1011.19,4.18,112.43,0.19,NORMAL,0
2026-01-06 15:40:00,22.05,80.33,1009.77,4.95,107.6,0.0,NORMAL,0
2026-01-06 15:50:00,22.64,86.88,1011.53,4.49,117.69,0.0,NORMAL,0
2026-01-06 16:00:00,22.36,83.62,1009.37,6.58,149.18,0.55,NORMAL,0
2026-01-06 16:10:00,22.85,81.96,1012.07,8.37,104.49,0.71,NORMAL,0
2026-01-06 16:20:00,28.49,83.33,1008.52,6.99,159.17,0.14,SENSOR_DRIFT,1
2026-01-06 16:30:00,20.96,77.81,1009.87,8.05,116.77,0.3,NORMAL,0
2026-01-06 16:40:00,23.61,78.35,1012.64,3.85,139.27,0.0,NORMAL,0
2026-01-06 16:50:00,22.83,81.67,1012.19,7.19,70.56,3.36,NORMAL,0
2026-01-06 17:00:00,22.76,83.03,1010.8,4.61,109.16,0.29,NORMAL,0
2026-01-06 17:10:00,22.79,75.3,1007.91,6.67,85.62,0.0,NORMAL,0
2026-01-06 17:20:00,21.95,81.74,1011.45,10.29,94.72,0.0,NORMAL,0
2026-01-06 17:30:00,22.25,82.04,1006.73,5.44,138.1,3.16,NORMAL,0
2026-01-06 17:40:00,22.21,80.7,1010.29,3.0,147.22,0.0,NORMAL,0
2026-01-06 17:50:00,23.82,77.41,1014.31,6.63,107.36,0.0,NORMAL,0
2026-01-06 18:00:00,23.2,75.55,1013.56,4.35,157.3,0.0,NORMAL,0
2026-01-06 18:10:00,37.54,77.3,1009.7,7.69,152.9,0.0,SPIKE,1
2026-01-06 18:20:00,21.89,83.67,1011.94,2.44,150.7,0.0,NORMAL,0
2026-01-06 18:30:00,22.28,88.27,1013.39,6.51,105.06,3.63,NORMAL,0
2026-01-06 18:40:00,22.57,78.35,1008.45,9.83,166.18,0.49,NORMAL,0
2026-01-06 18:50:00,23.87,82.39,1012.07,8.44,87.44,0.0,NORMAL,0
2026-01-06 19:00:00,21.37,74.46,1012.64,3.72,126.25,1.52,NORMAL,0
2026-01-06 19:10:00,22.38,77.26,1012.5,3.84,152.53,0.0,NORMAL,0
2026-01-06 19:20:00,19.93,72.09,1010.47,8.5,122.51,0.0,NORMAL,0
2026-01-06 19:30:00,23.01,81.0,1011.8,10.12,115.04,0.0,NORMAL,0
2026-01-06 19:40:00,20.76,80.11,1009.05,5.32,126.38,1.77,NORMAL,0
2026-01-06 19:50:00,22.91,73.61,1014.58,7.08,134.1,0.84,NORMAL,0
2026-01-06 20:00:00,20.92,86.09,1012.42,4.84,148.92,0.0,NORMAL,0
2026-01-06 20:10:00,23.75,77.67,1011.49,9.74,135.26,0.0,NORMAL,0
2026-01-06 20:20:00,24.37,79.76,1011.0,3.41,187.9,0.06,NORMAL,0
2026-01-06 20:30:00,23.88,73.45,1011.04,8.55,172.47,0.31,NORMAL,0
2026-01-06 20:40:00,20.83,82.65,1008.86,6.09,149.47,0.0,NORMAL,0
2026-01-06 20:50:00,23.37,77.76,1010.32,4.9,112.73,0.73,NORMAL,0
2026-01-06 21:00:00,22.58,81.49,1010.74,2.92,142.13,0.0,NORMAL,0
2026-01-06 21:10:00,5.29,76.18,1009.92,8.08,171.29,0.89,SPIKE,1
2026-01-06 21:20:00,29.59,76.75,1012.3,4.51,133.18,1.5,SENSOR_DRIFT,1
2026-01-06 21:30:00,23.14,74.65,1016.21,6.33,146.18,0.0,NORMAL,0
2026-01-06 21:40:00,24.52,75.95,1011.93,4.43,177.45,0.0,NORMAL,0
2026-01-06 21:50:00,23.66,77.23,1012.29,7.91,146.58,0.0,NORMAL,0
2026-01-06 22:00:00,25.67,76.43,1011.13,10.89,135.98,0.0,NORMAL,0
2026-01-06 22:10:00,25.7,70.84,1012.39,9.7,145.88,0.0,NORMAL,0
2026-01-06 22:20:00,26.23,67.64,1013.79,7.58,112.0,0.0,NORMAL,0
2026-01-06 22:30:00,23.83,75.32,1013.66,8.54,124.62,0.0,NORMAL,0
2026-01-06 22:40:00,23.21,73.14,1012.57,5.46,162.57,0.0,NORMAL,0
2026-01-06 22:50:00,24.23,73.85,1013.37,3.61,96.94,0.0,NORMAL,0
2026-01-06 23:00:00,25.24,74.72,1010.91,9.36,145.5,0.11,NORMAL,0
2026-01-06 23:10:00,70.0,68.93,1011.79,6.34,198.68,0.0,OUT_OF_BOUNDS,1
2026-01-06 23:20:00,25.61,64.65,1008.47,9.06,200.44,0.36,NORMAL,0
2026-01-06 23:30:00,27.06,68.46,1010.45,6.41,192.14,0.38,NORMAL,0
2026-01-06 23:40:00,29.04,68.71,1011.27,4.8,205.19,0.48,NORMAL,0
2026-01-06 23:50:00,27.11,72.84,1011.17,6.37,159.03,0.0,NORMAL,0
2026-01-07 00:00:00,28.61,63.43,1011.88,6.66,162.69,0.46,NORMAL,0
2026-01-07 00:10:00,24.69,68.18,1015.61,8.33,198.5,1.05,NORMAL,0
2026-01-07 00:20:00,27.16,67.76,1012.61,11.54,178.53,0.0,NORMAL,0
2026-01-07 00:30:00,29.65,64.22,1010.37,10.22,180.61,0.0,NORMAL,0
2026-01-07 00:40:00,26.55,65.79,1012.98,6.89,153.34,0.0,NORMAL,0
2026-01-07 00:50:00,27.63,65.32,1011.61,13.29,209.43,1.62,NORMAL,0
2026-01-07 01:00:00,28.49,64.38,1011.31,6.95,179.54,0.78,NORMAL,0
2026-01-07 01:10:00,27.65,67.63,1012.96,9.08,250.77,1.38,NORMAL,0
2026-01-07 01:20:00,29.38,58.76,1010.23,5.96,192.39,0.0,NORMAL,0
2026-01-07 01:30:00,30.22,61.35,1010.41,7.85,185.41,1.63,NORMAL,0
2026-01-07 01:40:00,28.1,66.71,1012.94,8.11,176.82,0.0,NORMAL,0
2026-01-07 01:50:00,28.09,67.0,1013.07,8.78,229.65,1.56,NORMAL,0
2026-01-07 02:00:00,29.33,59.61,1010.24,8.58,212.72,0.0,NORMAL,0
2026-01-07 02:10:00,30.67,62.69,1011.72,8.37,160.57,0.0,NORMAL,0
2026-01-07 02:20:00,30.84,57.62,1012.77,9.09,184.36,0.0,NORMAL,0
2026-01-07 02:30:00,30.67,62.22,1011.4,11.28,194.97,0.0,NORMAL,0
2026-01-07 02:40:00,30.53,64.87,1012.92,9.0,213.57,0.0,NORMAL,0
2026-01-07 02:50:00,29.39,57.33,1012.89,11.89,215.84,0.24,NORMAL,0
2026-01-07 03:00:00,31.57,63.09,1011.15,9.11,206.28,0.0,NORMAL,0
2026-01-07 03:10:00,29.16,61.65,1013.15,9.6,201.28,0.17,NORMAL,0
2026-01-07 03:20:00,29.38,57.58,1011.08,7.9,247.4,0.0,NORMAL,0
2026-01-07 03:30:00,31.96,55.04,1012.79,8.01,188.05,0.24,NORMAL,0
2026-01-07 03:40:00,28.67,57.08,1015.59,9.49,224.42,1.07,NORMAL,0
2026-01-07 03:50:00,32.22,60.02,1010.59,8.65,190.05,0.19,NORMAL,0
2026-01-07 04:00:00,28.8,55.01,1011.79,9.31,221.4,0.1,NORMAL,0
2026-01-07 04:10:00,30.6,51.97,1015.38,9.58,204.87,1.87,NORMAL,0
2026-01-07 04:20:00,31.13,61.21,1011.46,6.67,264.57,0.0,NORMAL,0
2026-01-07 04:30:00,31.0,57.12,1012.03,11.3,205.51,0.0,NORMAL,0
2026-01-07 04:40:00,32.95,58.3,1013.32,13.2,257.28,0.0,NORMAL,0
2026-01-07 04:50:00,32.04,56.56,1011.31,13.02,243.62,0.15,NORMAL,0
2026-01-07 05:00:00,31.11,56.3,1011.55,8.1,246.66,0.0,NORMAL,0
2026-01-07 05:10:00,29.6,56.83,1011.34,10.76,231.84,1.02,NORMAL,0
2026-01-07 05:20:00,47.89,62.28,1014.62,6.4,235.54,0.0,SPIKE,1
2026-01-07 05:30:00,32.01,58.06,1011.27,7.97,232.29,0.0,NORMAL,0
2026-01-07 05:40:00,30.3,51.86,1012.11,11.23,188.99,0.0,NORMAL,0
2026-01-07 05:50:00,34.25,59.33,1014.67,12.93,231.83,0.0,NORMAL,0
2026-01-07 06:00:00,42.44,54.04,1013.31,9.55,249.76,0.0,SENSOR_DRIFT,1
2026-01-07 06:10:00,33.51,53.87,1012.23,7.92,231.97,0.0,NORMAL,0
2026-01-07 06:20:00,31.01,53.69,1012.06,12.14,248.87,0.28,NORMAL,0
2026-01-07 06:30:00,30.61,56.83,1010.97,10.2,291.11,1.01,NORMAL,0
2026-01-07 06:40:00,33.46,56.33,1010.68,8.03,245.73,0.0,NORMAL,0
2026-01-07 06:50:00,32.34,60.22,1009.91,10.56,293.31,0.0,NORMAL,0
2026-01-07 07:00:00,32.16,52.53,1009.72,9.81,258.08,0.4,NORMAL,0
2026-01-07 07:10:00,31.25,54.69,1011.89,8.69,251.68,0.0,NORMAL,0
2026-01-07 07:20:00,32.41,55.22,1014.31,6.45,298.84,0.0,NORMAL,0
2026-01-07 07:30:00,33.06,61.08,1012.54,8.92,190.66,0.0,NORMAL,0
2026-01-07 07:40:00,31.59,53.11,1012.31,8.29,238.4,0.0,NORMAL,0
2026-01-07 07:50:00,33.1,61.97,1011.25,8.16,288.39,0.0,NORMAL,0
2026-01-07 08:00:00,30.96,63.94,1010.89,15.11,262.18,0.0,NORMAL,0
2026-01-07 08:10:00,32.1,52.58,1010.82,10.83,252.66,0.0,NORMAL,0
2026-01-07 08:20:00,32.5,54.59,1012.18,7.56,268.83,0.4,NORMAL,0
2026-01-07 08:30:00,29.93,60.04,1011.97,10.04,237.4,0.0,NORMAL,0
2026-01-07 08:40:00,30.17,55.9,1012.45,11.62,230.31,0.0,NORMAL,0
2026-01-07 08:50:00,29.23,62.64,1008.77,8.77,210.81,0.0,NORMAL,0
2026-01-07 09:00:00,30.78,58.34,1011.6,11.39,247.08,0.79,NORMAL,0
2026-01-07 09:10:00,29.03,62.1,1011.92,10.87,262.15,0.0,NORMAL,0
2026-01-07 09:20:00,32.67,65.21,1013.82,6.68,274.59,0.0,NORMAL,0
2026-01-07 09:30:00,28.46,66.21,1011.51,9.48,250.81,0.0,NORMAL,0
2026-01-07 09:40:00,35.34,65.42,1012.2,7.7,260.59,0.0,SENSOR_DRIFT,1
2026-01-07 09:50:00,30.67,59.7,1012.1,10.76,277.58,0.04,NORMAL,0
2026-01-07 10:00:00,28.2,60.23,1010.48,8.16,253.54,0.0,NORMAL,0
2026-01-07 10:10:00,28.68,58.03,1011.91,11.52,267.6,0.0,NORMAL,0
2026-01-07 10:20:00,45.46,70.65,1008.62,8.16,232.95,0.0,SPIKE,1
2026-01-07 10:30:00,29.77,67.45,1011.92,7.96,266.51,3.02,NORMAL,0
2026-01-07 10:40:00,29.03,65.13,1011.64,10.12,249.55,0.0,NORMAL,0
2026-01-07 10:50:00,29.76,62.84,1011.34,12.39,220.09,0.0,NORMAL,0
2026-01-07 11:00:00,29.22,59.69,1010.19,8.27,229.77,0.0,NORMAL,0
2026-01-07 11:10:00,29.1,68.44,1011.52,8.28,239.84,0.0,NORMAL,0
2026-01-07 11:20:00,26.8,68.81,1010.86,13.02,260.03,0.0,NORMAL,0
2026-01-07 11:30:00,26.59,72.57,1013.99,12.47,239.88,0.86,NORMAL,0
2026-01-07 11:40:00,27.44,68.79,1009.92,11.48,229.58,0.0,NORMAL,0
2026-01-07 11:50:00,26.31,66.24,1014.36,10.7,289.59,1.03,NORMAL,0
2026-01-07 12:00:00,25.29,69.63,1011.5,11.52,264.93,3.04,NORMAL,0
2026-01-07 12:10:00,26.64,70.0,1011.4,12.1,277.19,0.0,NORMAL,0
2026-01-07 12:20:00,27.09,65.3,1013.02,14.27,220.8,0.04,NORMAL,0
2026-01-07 12:30:00,24.04,68.84,1011.85,12.27,288.4,0.05,NORMAL,0
2026-01-07 12:40:00,26.59,76.5,1012.61,11.15,234.26,0.0,NORMAL,0
2026-01-07 12:50:00,25.48,71.07,1011.29,10.55,297.74,0.0,NORMAL,0
2026-01-07 13:00:00,25.59,76.16,1012.51,12.19,240.95,0.0,NORMAL,0
2026-01-07 13:10:00,25.37,73.7,1012.37,13.21,271.13,0.19,NORMAL,0
2026-01-07 13:20:00,28.32,76.46,1009.58,6.63,211.71,0.0,NORMAL,0
2026-01-07 13:30:00,28.12,76.94,1011.03,11.88,244.53,0.0,NORMAL,0
2026-01-07 13:40:00,25.05,73.98,1012.4,6.94,297.96,0.68,NORMAL,0
2026-01-07 13:50:00,23.89,69.31,1009.5,12.47,228.14,0.74,NORMAL,0
2026-01-07 14:00:00,24.1,69.24,1011.29,14.82,231.1,0.19,NORMAL,0
2026-01-07 14:10:00,22.85,71.78,1010.94,9.99,294.55,0.32,NORMAL,0
2026-01-07 14:20:00,24.91,77.56,1011.24,12.02,274.29,0.0,NORMAL,0
2026-01-07 14:30:00,27.25,80.29,1013.9,11.74,251.41,0.4,NORMAL,0
2026-01-07 14:40:00,24.45,64.46,1010.29,15.78,245.2,0.0,NORMAL,0
2026-01-07 14:50:00,23.72,73.58,1012.22,12.07,227.88,0.6,NORMAL,0
2026-01-07 15:00:00,24.66,78.0,1010.95,11.11,249.26,0.0,NORMAL,0
2026-01-07 15:10:00,24.46,72.44,1010.2,8.2,255.38,0.0,NORMAL,0
2026-01-07 15:20:00,22.36,79.54,1012.81,13.78,273.5,1.18,NORMAL,0
2026-01-07 15:30:00,21.38,81.94,1011.38,12.24,254.33,0.76,NORMAL,0
2026-01-07 15:40:00,21.86,71.17,1009.91,14.39,237.3,0.0,NORMAL,0
2026-01-07 15:50:00,22.41,75.18,1011.41,9.73,252.64,0.0,NORMAL,0
2026-01-07 16:00:00,22.35,66.53,1010.61,8.97,221.44,0.0,NORMAL,0
2026-01-07 16:10:00,23.9,78.39,1011.93,10.52,238.23,0.0,NORMAL,0
2026-01-07 16:20:00,22.64,78.58,1010.82,9.64,243.42,0.0,NORMAL,0
2026-01-07 16:30:00,20.3,69.67,1008.45,12.08,222.97,0.27,NORMAL,0
2026-01-07 16:40:00,24.15,94.57,1010.86,13.86,277.19,0.0,NORMAL,0
2026-01-07 16:50:00,21.67,72.92,1015.63,7.6,240.58,1.19,NORMAL,0
2026-01-07 17:00:00,22.64,89.19,1010.28,8.53,258.26,0.0,NORMAL,0
2026-01-07 17:10:00,21.79,82.55,1010.59,8.42,220.95,0.0,NORMAL,0
2026-01-07 17:20:00,23.28,76.22,1012.14,9.32,252.8,0.0,NORMAL,0
2026-01-07 17:30:00,21.59,80.06,1009.36,10.6,244.22,1.73,NORMAL,0
2026-01-07 17:40:00,19.64,75.93,1012.67,8.8,247.62,2.35,NORMAL,0
2026-01-07 17:50:00,22.37,83.97,1012.57,11.25,238.37,0.0,NORMAL,0
2026-01-07 18:00:00,22.62,72.85,1012.25,11.93,270.79,0.0,NORMAL,0
2026-01-07 18:10:00,22.06,77.63,1011.69,10.2,242.73,0.0,NORMAL,0
2026-01-07 18:20:00,22.16,77.31,1011.74,9.19,205.48,0.0,NORMAL,0
2026-01-07 18:30:00,20.08,74.36,1009.35,10.54,254.82,0.0,NORMAL,0
2026-01-07 18:40:00,22.02,85.29,1012.63,11.13,206.68,0.0,NORMAL,0
2026-01-07 18:50:00,22.11,80.63,1011.96,10.54,219.7,0.93,NORMAL,0
2026-01-07 19:00:00,23.05,80.27,1011.4,10.05,258.45,0.0,NORMAL,0
2026-01-07 19:10:00,23.52,81.61,1012.7,12.13,226.65,0.0,NORMAL,0
2026-01-07 19:20:00,24.96,85.15,1009.85,10.71,197.46,0.0,NORMAL,0
2026-01-07 19:30:00,23.13,81.42,1015.29,8.0,218.81,1.21,NORMAL,0
2026-01-07 19:40:00,24.45,83.93,1013.68,12.39,257.32,0.0,NORMAL,0
2026-01-07 19:50:00,21.56,80.46,1009.95,9.5,240.82,0.0,NORMAL,0
2026-01-07 20:00:00,22.68,68.02,1012.09,10.48,233.6,0.0,NORMAL,0
2026-01-07 20:10:00,23.24,79.1,1011.14,17.85,225.14,0.1,NORMAL,0
2026-01-07 20:20:00,20.81,75.84,1008.07,8.39,252.05,0.13,NORMAL,0
2026-01-07 20:30:00,22.58,79.73,1012.14,9.55,206.89,0.0,NORMAL,0
2026-01-07 20:40:00,22.72,84.01,1011.39,8.87,221.69,0.0,NORMAL,0
2026-01-07 20:50:00,22.91,76.7,1012.22,10.79,235.0,0.0,NORMAL,0
2026-01-07 21:00:00,23.49,68.44,1011.78,12.25,186.02,0.0,NORMAL,0
2026-01-07 21:10:00,25.35,78.07,1011.95,11.5,207.99,0.0,NORMAL,0
2026-01-07 21:20:00,33.07,78.76,1010.22,5.46,198.72,1.54,SENSOR_DRIFT,1
2026-01-07 21:30:00,22.35,76.13,1011.95,12.6,194.05,0.03,NORMAL,0
2026-01-07 21:40:00,22.59,76.73,1013.01,11.32,186.0,0.62,NORMAL,0
2026-01-07 21:50:00,21.88,77.32,1009.7,9.43,195.24,1.84,NORMAL,0
2026-01-07 22:00:00,24.56,71.9,1009.58,8.88,176.7,0.42,NORMAL,0
2026-01-07 22:10:00,26.12,69.49,1011.68,11.34,173.99,0.61,NORMAL,0
2026-01-07 22:20:00,26.7,69.97,1008.23,9.56,197.99,0.46,NORMAL,0
2026-01-07 22:30:00,25.47,65.65,1009.63,11.39,233.23,0.0,NORMAL,0
2026-01-07 22:40:00,25.12,68.55,1011.19,10.97,175.46,0.19,NORMAL,0
2026-01-07 22:50:00,26.73,70.67,1011.13,8.62,192.93,0.0,NORMAL,0
2026-01-07 23:00:00,26.84,68.34,1010.89,6.69,193.03,0.0,NORMAL,0
2026-01-07 23:10:00,30.48,75.13,1010.49,10.84,215.53,2.58,SENSOR_DRIFT,1
2026-01-07 23:20:00,25.66,72.34,1009.76,10.34,203.65,0.92,NORMAL,0
2026-01-07 23:30:00,25.02,70.98,1011.38,8.2,147.64,0.0,NORMAL,0
2026-01-07 23:40:00,27.0,64.88,1005.44,8.77,228.78,0.0,NORMAL,0
2026-01-07 23:50:00,27.32,72.61,1009.97,8.39,170.38,0.0,NORMAL,0
2026-01-08 00:00:00,24.7,58.54,1012.26,11.63,161.03,2.77,NORMAL,0
2026-01-08 00:10:00,26.05,65.86,1009.22,14.09,181.17,0.0,NORMAL,0
2026-01-08 00:20:00,29.76,65.49,1009.9,9.82,186.63,0.0,NORMAL,0
2026-01-08 00:30:00,28.64,69.91,1009.1,13.63,183.59,1.22,NORMAL,0
2026-01-08 00:40:00,27.36,70.73,1007.59,9.24,190.64,0.0,NORMAL,0
2026-01-08 00:50:00,27.89,71.04,1010.02,7.98,203.05,0.0,NORMAL,0
2026-01-08 01:00:00,27.26,71.01,1009.08,8.19,160.46,2.2,NORMAL,0
2026-01-08 01:10:00,29.17,65.17,1011.07,14.71,197.64,0.0,NORMAL,0
2026-01-08 01:20:00,30.7,63.07,1008.88,9.8,144.95,0.18,NORMAL,0
2026-01-08 01:30:00,32.0,63.55,1010.31,14.54,185.25,0.0,NORMAL,0
2026-01-08 01:40:00,26.8,67.86,1009.06,9.58,157.82,1.95,NORMAL,0
2026-01-08 01:50:00,30.15,59.38,1008.25,10.92,135.57,0.13,NORMAL,0
2026-01-08 02:00:00,31.24,64.65,1010.05,7.01,152.13,0.46,NORMAL,0
2026-01-08 02:10:00,30.45,63.63,1009.43,8.32,142.65,0.3,NORMAL,0
2026-01-08 02:20:00,28.69,67.67,1009.24,8.84,162.4,0.0,NORMAL,0
2026-01-08 02:30:00,30.75,61.34,1008.68,10.11,189.06,0.33,NORMAL,0
2026-01-08 02:40:00,31.73,60.55,1010.07,10.83,187.56,0.0,NORMAL,0
2026-01-08 02:50:00,29.45,56.6,1009.35,6.38,164.04,1.02,NORMAL,0
2026-01-08 03:00:00,30.67,62.63,1011.11,9.67,157.3,0.0,NORMAL,0
2026-01-08 03:10:00,31.72,61.19,1010.84,8.51,146.67,0.0,NORMAL,0
2026-01-08 03:20:00,30.37,56.11,1011.0,13.31,144.74,0.0,NORMAL,0
2026-01-08 03:30:00,30.92,60.31,1007.99,10.71,133.77,0.56,NORMAL,0
2026-01-08 03:40:00,30.61,56.35,1009.95,12.3,177.48,0.0,NORMAL,0
2026-01-08 03:50:00,30.51,59.41,1009.1,7.81,151.57,0.0,NORMAL,0
2026-01-08 04:00:00,33.06,59.13,1011.35,6.31,132.78,0.0,NORMAL,0
2026-01-08 04:10:00,31.51,55.59,1009.92,6.81,129.19,0.0,NORMAL,0
2026-01-08 04:20:00,31.22,56.96,1009.01,11.03,182.48,0.0,NORMAL,0
2026-01-08 04:30:00,32.69,51.53,1005.5,5.43,162.9,0.48,NORMAL,0
2026-01-08 04:40:00,31.21,47.29,1009.92,9.11,131.61,0.0,NORMAL,0
2026-01-08 04:50:00,32.23,59.01,1009.03,8.27,173.13,1.27,NORMAL,0
2026-01-08 05:00:00,35.26,67.92,1009.31,11.81,118.77,0.0,STUCK_SENSOR,1
2026-01-08 05:10:00,32.5,56.35,1009.91,10.5,137.76,0.87,NORMAL,0
2026-01-08 05:20:00,33.68,56.35,1010.32,12.51,125.55,0.58,NORMAL,0
2026-01-08 05:30:00,36.59,53.17,1009.83,8.78,111.39,0.0,SENSOR_DRIFT,1
2026-01-08 05:40:00,33.46,54.37,1010.17,12.1,135.44,0.0,NORMAL,0
2026-01-08 05:50:00,35.71,57.48,1008.92,7.18,132.21,0.0,NORMAL,0
2026-01-08 06:00:00,32.23,51.25,1009.05,6.45,74.09,1.24,NORMAL,0
2026-01-08 06:10:00,31.22,56.98,1010.12,7.79,166.29,0.0,NORMAL,0
2026-01-08 06:20:00,30.97,53.2,1011.39,10.56,98.14,3.33,NORMAL,0
2026-01-08 06:30:00,29.98,54.35,1008.86,10.15,106.39,2.81,NORMAL,0
2026-01-08 06:40:00,30.72,55.33,1009.69,7.31,146.09,0.0,NORMAL,0
2026-01-08 06:50:00,31.19,56.65,1008.57,11.23,123.65,0.0,NORMAL,0
2026-01-08 07:00:00,32.21,59.92,1006.7,8.9,60.86,0.0,NORMAL,0
2026-01-08 07:10:00,32.97,56.8,1010.88,9.15,136.28,0.0,NORMAL,0
2026-01-08 07:20:00,31.18,51.11,1010.39,7.35,55.03,0.0,NORMAL,0
2026-01-08 07:30:00,29.83,62.97,1006.55,6.99,90.49,0.47,NORMAL,0
2026-01-08 07:40:00,31.42,57.59,1007.85,10.13,126.54,0.0,NORMAL,0
2026-01-08 07:50:00,32.18,51.04,1011.44,9.5,112.54,0.0,NORMAL,0
2026-01-08 08:00:00,31.55,53.08,1010.01,8.51,117.54,1.2,NORMAL,0
2026-01-08 08:10:00,30.01,59.72,1006.58,9.5,114.34,1.65,NORMAL,0
2026-01-08 08:20:00,31.87,58.35,1009.41,9.8,116.87,0.52,NORMAL,0
2026-01-08 08:30:00,28.74,60.9,1007.35,7.41,136.2,0.63,NORMAL,0
2026-01-08 08:40:00,30.29,59.21,1008.93,10.53,108.52,0.0,NORMAL,0
2026-01-08 08:50:00,30.5,62.23,1008.66,11.34,119.53,0.0,NORMAL,0
2026-01-08 09:00:00,33.48,61.99,1009.9,7.45,93.48,0.0,NORMAL,0
2026-01-08 09:10:00,30.58,63.88,1010.46,9.64,119.09,0.0,NORMAL,0
2026-01-08 09:20:00,31.55,57.96,1006.67,8.28,129.19,0.19,NORMAL,0
2026-01-08 09:30:00,29.93,58.96,1009.32,6.76,77.93,0.11,NORMAL,0
2026-01-08 09:40:00,28.94,63.63,1009.32,4.75,87.72,0.0,NORMAL,0
2026-01-08 09:50:00,29.57,58.99,1006.85,12.58,65.97,0.0,NORMAL,0
2026-01-08 10:00:00,29.04,63.05,1008.67,8.2,105.74,0.0,NORMAL,0
2026-01-08 10:10:00,29.11,57.69,1011.29,10.06,128.98,0.0,NORMAL,0
2026-01-08 10:20:00,30.1,70.79,1005.09,11.21,155.24,0.0,NORMAL,0
2026-01-08 10:30:00,27.09,61.05,1009.17,13.37,96.72,0.05,NORMAL,0
2026-01-08 10:40:00,28.57,65.86,1007.49,11.48,99.81,0.0,NORMAL,0
2026-01-08 10:50:00,27.91,66.69,1007.73,6.72,109.99,0.52,NORMAL,0
2026-01-08 11:00:00,28.31,64.26,1006.97,7.15,130.19,0.24,NORMAL,0
2026-01-08 11:10:00,27.98,55.2,1011.01,8.62,105.27,0.0,NORMAL,0
2026-01-08 11:20:00,28.55,67.3,1007.67,10.4,98.33,0.51,NORMAL,0
2026-01-08 11:30:00,31.44,60.98,1007.97,6.43,105.2,1.13,NORMAL,0
2026-01-08 11:40:00,27.4,69.53,1006.08,8.07,109.98,0.0,NORMAL,0
2026-01-08 11:50:00,28.27,81.51,1008.86,11.26,103.23,0.0,NORMAL,0
2026-01-08 12:00:00,28.18,66.91,1007.56,7.6,86.1,0.93,NORMAL,0
2026-01-08 12:10:00,26.35,74.01,1008.81,3.7,98.56,0.0,NORMAL,0
2026-01-08 12:20:00,26.14,70.06,1007.88,6.2,72.02,0.0,NORMAL,0
2026-01-08 12:30:00,25.45,64.1,1008.29,6.24,90.88,0.0,NORMAL,0
2026-01-08 12:40:00,23.83,75.06,1005.73,6.8,86.75,0.0,NORMAL,0
2026-01-08 12:50:00,24.37,72.08,1004.85,8.85,79.78,0.0,NORMAL,0
2026-01-08 13:00:00,26.64,66.88,1008.07,7.42,120.72,0.84,NORMAL,0
2026-01-08 13:10:00,25.65,72.89,1009.17,5.37,85.17,0.96,NORMAL,0
2026-01-08 13:20:00,25.34,71.17,1007.39,8.19,115.66,0.0,NORMAL,0
2026-01-08 13:30:00,25.95,65.68,1007.96,11.41,116.18,0.0,NORMAL,0
2026-01-08 13:40:00,25.05,77.28,1008.01,8.73,115.08,0.0,NORMAL,0
2026-01-08 13:50:00,24.55,79.56,1008.94,10.68,127.53,0.0,NORMAL,0
2026-01-08 14:00:00,24.46,78.32,1007.94,7.09,75.58,0.63,NORMAL,0
2026-01-08 14:10:00,29.85,78.19,1006.14,7.7,115.71,0.0,SENSOR_DRIFT,1
2026-01-08 14:20:00,23.36,74.14,1006.57,6.1,85.28,0.0,NORMAL,0
2026-01-08 14:30:00,22.36,78.86,1004.44,8.67,105.91,0.0,NORMAL,0
2026-01-08 14:40:00,23.47,75.09,1008.06,6.14,139.47,0.0,NORMAL,0
2026-01-08 14:50:00,24.7,76.65,1007.3,8.63,102.73,0.01,NORMAL,0
2026-01-08 15:00:00,21.53,77.79,1008.87,6.53,95.0,0.0,NORMAL,0
2026-01-08 15:10:00,24.75,78.97,1007.23,9.49,108.69,1.09,NORMAL,0
2026-01-08 15:20:00,23.26,82.53,1004.77,8.25,115.65,0.73,NORMAL,0
2026-01-08 15:30:00,30.11,81.57,1008.23,5.65,93.14,1.15,SENSOR_DRIFT,1
2026-01-08 15:40:00,22.6,73.38,1006.81,8.15,96.66,0.0,NORMAL,0
2026-01-08 15:50:00,21.27,79.47,1008.44,3.83,113.57,0.0,NORMAL,0
2026-01-08 16:00:00,22.69,75.38,1007.4,7.34,156.42,0.0,NORMAL,0
2026-01-08 16:10:00,22.99,82.75,1006.87,8.14,107.95,0.0,NORMAL,0
2026-01-08 16:20:00,22.41,74.71,1008.78,7.58,91.16,0.28,NORMAL,0
2026-01-08 16:30:00,22.05,77.35,1004.13,5.9,137.31,0.23,NORMAL,0
2026-01-08 16:40:00,22.42,76.69,1008.06,5.84,150.23,0.7,NORMAL,0
2026-01-08 16:50:00,20.53,78.94,1006.34,8.78,126.6,2.38,NORMAL,0
2026-01-08 17:00:00,21.48,85.33,1005.8,7.21,110.72,0.0,NORMAL,0
2026-01-08 17:10:00,23.49,75.82,1006.25,6.85,118.7,0.0,NORMAL,0
2026-01-08 17:20:00,22.74,86.03,1005.69,6.49,141.57,0.0,NORMAL,0
2026-01-08 17:30:00,23.19,78.79,1008.21,9.1,95.67,0.0,NORMAL,0
2026-01-08 17:40:00,22.5,81.81,1007.6,7.17,152.03,0.0,NORMAL,0
2026-01-08 17:50:00,21.84,78.43,1005.94,4.51,161.84,0.0,NORMAL,0
2026-01-08 18:00:00,20.06,74.14,1005.48,6.48,176.47,0.0,NORMAL,0
2026-01-08 18:10:00,22.26,79.34,1006.69,4.69,104.82,0.0,NORMAL,0
2026-01-08 18:20:00,19.49,78.73,1006.02,5.44,120.27,0.0,NORMAL,0
2026-01-08 18:30:00,35.73,81.5,1007.61,8.38,116.35,0.34,SPIKE,1
2026-01-08 18:40:00,22.67,80.68,1005.57,7.92,127.34,0.0,NORMAL,0
2026-01-08 18:50:00,20.56,78.55,1007.58,7.57,127.11,0.53,NORMAL,0
2026-01-08 19:00:00,-45.0,86.06,1004.99,1.1,114.84,0.0,OUT_OF_BOUNDS,1
2026-01-08 19:10:00,22.29,79.22,1008.44,7.25,98.94,0.0,NORMAL,0
2026-01-08 19:20:00,24.99,71.32,1006.42,6.54,194.32,4.18,NORMAL,0
2026-01-08 19:30:00,22.61,80.96,1004.85,7.78,130.48,1.41,NORMAL,0
2026-01-08 19:40:00,22.74,74.67,1003.42,2.74,129.74,0.4,NORMAL,0
2026-01-08 19:50:00,22.68,72.21,1004.46,10.37,131.28,0.06,NORMAL,0
2026-01-08 20:00:00,7.84,74.55,1003.82,7.96,104.11,0.25,SPIKE,1
2026-01-08 20:10:00,4.62,77.31,1006.14,3.34,124.14,0.0,SPIKE,1
2026-01-08 20:20:00,23.66,75.13,1008.32,8.09,162.8,0.0,NORMAL,0
2026-01-08 20:30:00,26.06,76.88,1008.24,6.47,142.44,0.83,NORMAL,0
2026-01-08 20:40:00,24.73,76.36,1005.64,3.74,141.05,1.07,NORMAL,0
2026-01-08 20:50:00,23.87,80.27,1006.31,5.21,185.55,0.0,NORMAL,0
2026-01-08 21:00:00,24.2,76.84,1004.53,6.59,143.47,0.26,NORMAL,0
2026-01-08 21:10:00,22.28,73.3,1005.29,8.09,134.8,0.34,NORMAL,0
2026-01-08 21:20:00,21.78,75.49,1006.13,2.12,145.0,0.0,NORMAL,0
2026-01-08 21:30:00,23.71,76.48,1007.39,6.6,158.7,0.19,NORMAL,0
2026-01-08 21:40:00,24.37,78.11,1006.65,8.78,136.75,0.0,NORMAL,0
2026-01-08 21:50:00,24.89,76.01,1010.46,2.73,134.43,0.0,NORMAL,0
2026-01-08 22:00:00,24.79,79.76,1005.91,4.33,170.71,0.0,NORMAL,0
2026-01-08 22:10:00,25.78,73.85,1007.29,2.32,141.42,0.0,SENSOR_DRIFT,1
2026-01-08 22:20:00,25.72,73.65,1005.25,0.17,148.73,0.0,NORMAL,0
2026-01-08 22:30:00,23.19,65.37,1004.58,8.71,154.89,0.0,NORMAL,0
2026-01-08 22:40:00,26.76,72.24,1007.68,6.65,156.63,0.0,NORMAL,0
2026-01-08 22:50:00,23.75,73.34,1005.17,5.13,150.69,3.74,NORMAL,0
2026-01-08 23:00:00,23.31,74.28,1006.77,7.14,113.21,0.0,NORMAL,0
2026-01-08 23:10:00,27.37,74.61,1005.8,6.42,185.02,0.0,NORMAL,0
2026-01-08 23:20:00,25.57,68.51,1006.37,4.71,219.85,0.7,NORMAL,0
2026-01-08 23:30:00,25.08,68.68,1006.41,5.92,153.97,0.0,NORMAL,0
2026-01-08 23:40:00,29.04,69.64,1005.66,3.1,207.99,0.21,NORMAL,0
2026-01-08 23:50:00,25.43,69.54,1005.1,0.6,159.15,0.39,NORMAL,0
2026-01-09 00:00:00,29.66,66.45,1007.04,5.29,175.21,0.0,NORMAL,0
2026-01-09 00:10:00,29.18,65.45,1004.66,6.54,200.17,0.0,NORMAL,0
2026-01-09 00:20:00,28.34,64.75,1005.83,3.77,192.21,0.49,NORMAL,0
2026-01-09 00:30:00,28.18,69.9,1007.24,10.78,200.86,0.0,NORMAL,0
2026-01-09 00:40:00,28.0,70.95,1007.28,6.55,181.32,0.0,NORMAL,0
2026-01-09 00:50:00,29.79,68.4,1004.56,7.75,199.17,3.6,NORMAL,0
2026-01-09 01:00:00,29.28,64.48,1008.47,4.4,163.84,0.0,NORMAL,0
2026-01-09 01:10:00,28.55,58.24,1005.75,4.29,194.1,0.0,NORMAL,0
2026-01-09 01:20:00,29.64,64.03,1005.92,5.09,205.58,0.54,NORMAL,0
2026-01-09 01:30:00,28.41,62.39,1006.88,7.09,189.15,0.0,NORMAL,0
2026-01-09 01:40:00,27.04,64.78,1005.68,7.67,192.81,0.0,NORMAL,0
2026-01-09 01:50:00,29.77,74.19,1005.0,7.41,176.97,0.46,NORMAL,0
2026-01-09 02:00:00,28.04,59.72,1007.31,4.19,153.97,0.18,NORMAL,0
2026-01-09 02:10:00,28.8,66.31,1001.81,7.37,232.21,0.0,NORMAL,0
2026-01-09 02:20:00,29.78,65.21,1005.6,6.16,201.9,0.0,NORMAL,0
2026-01-09 02:30:00,31.51,52.12,1002.3,5.53,160.9,0.0,NORMAL,0
2026-01-09 02:40:00,30.46,61.89,1005.91,9.12,186.95,0.0,NORMAL,0
2026-01-09 02:50:00,30.57,54.25,1005.54,6.35,216.78,1.29,NORMAL,0
2026-01-09 03:00:00,30.35,64.69,1002.19,0.91,227.11,0.0,NORMAL,0
2026-01-09 03:10:00,29.72,57.86,1006.59,7.18,227.61,0.0,NORMAL,0
2026-01-09 03:20:00,30.65,63.84,1004.49,6.0,247.0,1.31,NORMAL,0
2026-01-09 03:30:00,31.35,61.5,1006.07,2.71,259.6,0.0,NORMAL,0
2026-01-09 03:40:00,29.04,55.49,1004.38,1.95,230.35,0.0,NORMAL,0
2026-01-09 03:50:00,30.95,61.02,1004.14,2.71,229.78,0.0,NORMAL,0
2026-01-09 04:00:00,31.57,58.33,1003.63,2.15,217.63,1.13,NORMAL,0
2026-01-09 04:10:00,30.33,61.34,1003.9,4.98,227.17,1.74,NORMAL,0
2026-01-09 04:20:00,32.47,62.66,1005.34,5.76,247.86,0.82,NORMAL,0
2026-01-09 04:30:00,35.33,61.87,1006.98,2.2,217.79,0.0,SENSOR_DRIFT,1
2026-01-09 04:40:00,29.86,61.19,1005.78,4.78,209.09,0.0,NORMAL,0
2026-01-09 04:50:00,31.49,60.7,1005.44,2.32,197.67,0.0,NORMAL,0
2026-01-09 05:00:00,30.1,55.08,1008.16,4.62,169.3,0.0,NORMAL,0
2026-01-09 05:10:00,30.28,54.58,1005.52,6.09,243.01,0.0,NORMAL,0
2026-01-09 05:20:00,31.48,58.02,1003.05,3.51,217.82,0.0,NORMAL,0
2026-01-09 05:30:00,31.44,50.85,1005.15,8.39,209.14,0.0,NORMAL,0
2026-01-09 05:40:00,32.45,55.14,1004.77,3.98,252.68,0.0,NORMAL,0
2026-01-09 05:50:00,31.17,55.32,1003.6,3.18,194.25,0.0,NORMAL,0
2026-01-09 06:00:00,33.2,52.28,1004.32,5.29,255.69,0.0,NORMAL,0
2026-01-09 06:10:00,31.33,53.53,1002.17,5.85,278.32,1.6,NORMAL,0
2026-01-09 06:20:00,31.47,55.06,1003.55,5.21,240.81,0.0,NORMAL,0
2026-01-09 06:30:00,35.08,52.59,1004.34,5.47,248.21,0.0,NORMAL,0
2026-01-09 06:40:00,32.32,58.73,1004.8,5.86,235.35,0.0,NORMAL,0
2026-01-09 06:50:00,34.41,56.81,1004.23,4.97,235.7,0.0,SENSOR_DRIFT,1
2026-01-09 07:00:00,32.77,54.54,1003.99,4.59,265.23,0.69,NORMAL,0
2026-01-09 07:10:00,31.08,67.12,1004.59,8.13,245.82,0.28,NORMAL,0
2026-01-09 07:20:00,27.85,63.6,1006.07,6.1,252.27,0.0,NORMAL,0
2026-01-09 07:30:00,32.65,61.84,1005.12,7.03,289.33,2.33,NORMAL,0
2026-01-09 07:40:00,32.06,56.32,1004.47,6.51,255.57,0.0,NORMAL,0
2026-01-09 07:50:00,33.13,55.8,1004.81,6.96,245.79,0.79,NORMAL,0
2026-01-09 08:00:00,30.65,55.52,1006.42,4.65,281.97,0.0,NORMAL,0
2026-01-09 08:10:00,30.61,54.32,1006.35,5.21,245.41,0.0,NORMAL,0
2026-01-09 08:20:00,31.73,58.39,1003.33,3.44,259.91,0.17,NORMAL,0
2026-01-09 08:30:00,29.78,57.13,1004.16,5.95,243.56,0.0,NORMAL,0
2026-01-09 08:40:00,30.88,63.28,1005.96,7.84,211.62,0.0,NORMAL,0
2026-01-09 08:50:00,31.03,62.52,1003.34,7.44,299.41,0.0,NORMAL,0
2026-01-09 09:00:00,30.07,66.36,1006.85,3.02,224.75,0.22,NORMAL,0
2026-01-09 09:10:00,32.51,62.97,1004.28,1.69,228.11,0.0,NORMAL,0
2026-01-09 09:20:00,29.94,59.63,1005.44,1.88,218.31,0.0,NORMAL,0
2026-01-09 09:30:00,31.92,65.91,1003.35,7.14,244.81,0.96,NORMAL,0
2026-01-09 09:40:00,32.37,59.06,1003.15,5.36,263.0,0.0,NORMAL,0
2026-01-09 09:50:00,30.25,60.19,1003.95,7.43,301.79,0.0,NORMAL,0
2026-01-09 10:00:00,28.71,60.96,1002.27,5.7,258.81,0.0,NORMAL,0
2026-01-09 10:10:00,31.22,63.85,1006.81,5.67,229.59,0.24,NORMAL,0
2026-01-09 10:20:00,32.24,59.4,1002.87,4.02,258.07,0.0,SENSOR_DRIFT,1
2026-01-09 10:30:00,27.84,70.04,1005.56,10.51,305.68,0.0,NORMAL,0
2026-01-09 10:40:00,30.0,67.33,1001.88,4.55,240.79,0.03,NORMAL,0
2026-01-09 10:50:00,28.14,64.75,1003.85,5.5,255.8,0.1,NORMAL,0
2026-01-09 11:00:00,26.83,59.73,1005.2,6.24,250.22,0.3,NORMAL,0
2026-01-09 11:10:00,28.23,67.53,1007.7,6.67,280.94,0.0,NORMAL,0
2026-01-09 11:20:00,26.2,60.19,1002.38,4.09,282.45,0.43,NORMAL,0
2026-01-09 11:30:00,27.98,65.68,1006.11,6.46,229.1,0.0,NORMAL,0
2026-01-09 11:40:00,27.62,58.6,1003.68,6.71,299.16,0.36,NORMAL,0
2026-01-09 11:50:00,27.29,66.58,1007.06,8.29,271.33,0.0,NORMAL,0
2026-01-09 12:00:00,25.05,72.22,1007.24,6.11,276.07,0.82,NORMAL,0
2026-01-09 12:10:00,26.83,76.73,1003.53,0.0,267.75,0.34,NORMAL,0
2026-01-09 12:20:00,28.87,67.77,1005.96,4.71,284.95,2.08,NORMAL,0
2026-01-09 12:30:00,25.03,62.12,1004.15,6.42,280.04,0.0,NORMAL,0
2026-01-09 12:40:00,26.79,68.42,1005.82,5.36,266.15,0.0,NORMAL,0
2026-01-09 12:50:00,23.92,76.33,1004.63,7.26,269.05,0.0,NORMAL,0
2026-01-09 13:00:00,26.52,66.4,1003.65,4.57,274.82,1.36,NORMAL,0
2026-01-09 13:10:00,26.27,71.81,1001.89,7.32,256.16,1.51,NORMAL,0
2026-01-09 13:20:00,24.71,73.44,1004.01,4.74,271.63,1.43,NORMAL,0
2026-01-09 13:30:00,23.74,77.64,1005.03,4.17,235.92,0.0,NORMAL,0
2026-01-09 13:40:00,25.0,71.29,1003.86,5.14,269.56,1.31,NORMAL,0
2026-01-09 13:50:00,21.74,73.98,1001.91,9.06,276.27,0.0,NORMAL,0
2026-01-09 14:00:00,25.1,72.7,1006.26,2.78,261.68,0.29,NORMAL,0
2026-01-09 14:10:00,23.89,72.85,1003.85,4.7,234.08,0.0,NORMAL,0
2026-01-09 14:20:00,24.37,79.76,1004.48,6.77,246.74,0.51,NORMAL,0
2026-01-09 14:30:00,26.37,72.89,1007.36,6.05,254.18,0.08,NORMAL,0
2026-01-09 14:40:00,24.6,77.11,1003.96,5.69,258.05,2.03,NORMAL,0
2026-01-09 14:50:00,21.82,76.46,1004.9,2.8,272.18,0.0,NORMAL,0
2026-01-09 15:00:00,22.52,74.98,1003.44,6.46,292.66,0.06,NORMAL,0
2026-01-09 15:10:00,23.32,77.12,1002.54,8.99,282.04,1.25,NORMAL,0
2026-01-09 15:20:00,23.12,75.62,1003.02,4.04,238.9,0.91,NORMAL,0
2026-01-09 15:30:00,23.53,79.21,1004.44,7.63,226.16,1.84,NORMAL,0
2026-01-09 15:40:00,22.89,70.79,1004.43,3.17,281.91,0.0,NORMAL,0
2026-01-09 15:50:00,23.42,73.85,1001.03,6.17,259.76,0.0,NORMAL,0
2026-01-09 16:00:00,22.9,72.52,1004.76,4.71,260.09,0.0,NORMAL,0
2026-01-09 16:10:00,21.97,72.8,1003.37,5.77,265.35,0.0,NORMAL,0
2026-01-09 16:20:00,22.54,77.04,1004.79,8.42,203.55,0.0,NORMAL,0
2026-01-09 16:30:00,21.71,79.62,1004.28,4.2,223.47,1.33,NORMAL,0
2026-01-09 16:40:00,23.69,78.44,1001.9,5.48,254.38,0.0,NORMAL,0
2026-01-09 16:50:00,23.82,71.53,1005.45,8.64,256.42,0.0,NORMAL,0
2026-01-09 17:00:00,22.23,76.46,1004.84,6.81,243.43,0.0,NORMAL,0
2026-01-09 17:10:00,24.08,79.25,1002.05,5.61,235.79,0.0,NORMAL,0
2026-01-09 17:20:00,23.22,85.33,1002.61,4.92,255.91,0.0,NORMAL,0
2026-01-09 17:30:00,20.91,84.25,1002.1,7.34,256.39,1.43,NORMAL,0
2026-01-09 17:40:00,22.03,80.33,1001.12,4.98,233.48,0.0,NORMAL,0
2026-01-09 17:50:00,24.04,75.44,1004.1,7.9,244.43,0.0,NORMAL,0
2026-01-09 18:00:00,21.05,77.98,1004.41,5.82,281.04,0.0,NORMAL,0
2026-01-09 18:10:00,20.16,76.98,1003.21,6.64,218.35,1.58,NORMAL,0
2026-01-09 18:20:00,21.72,78.06,1002.59,2.84,261.56,0.0,NORMAL,0
2026-01-09 18:30:00,24.5,77.17,1001.27,6.38,211.54,0.14,NORMAL,0
2026-01-09 18:40:00,21.32,78.51,1007.25,4.35,231.28,0.4,NORMAL,0
2026-01-09 18:50:00,23.29,77.0,1005.14,6.73,200.25,0.64,NORMAL,0
2026-01-09 19:00:00,21.24,81.3,1002.65,5.41,193.22,0.0,NORMAL,0
2026-01-09 19:10:00,20.09,80.19,1004.16,5.08,238.95,0.38,NORMAL,0
2026-01-09 19:20:00,21.53,77.91,1004.04,7.82,184.93,0.0,NORMAL,0
2026-01-09 19:30:00,23.4,76.63,1004.49,9.44,233.9,0.1,NORMAL,0
2026-01-09 19:40:00,23.34,72.97,1004.42,7.36,222.3,0.51,NORMAL,0
2026-01-09 19:50:00,24.0,86.79,1002.44,9.57,203.86,0.0,NORMAL,0
2026-01-09 20:00:00,21.65,83.47,1004.69,5.78,241.43,1.5,NORMAL,0
2026-01-09 20:10:00,22.1,76.98,1002.29,4.93,223.95,0.0,NORMAL,0
2026-01-09 20:20:00,24.2,77.4,1002.48,9.53,201.5,0.0,NORMAL,0
2026-01-09 20:30:00,23.67,80.4,1003.48,7.65,224.48,1.01,NORMAL,0
2026-01-09 20:40:00,24.51,83.25,1003.62,5.16,173.13,0.0,NORMAL,0
2026-01-09 20:50:00,22.61,73.41,1003.55,8.93,155.54,0.0,NORMAL,0
2026-01-09 21:00:00,23.55,70.56,1001.09,7.87,158.52,0.0,NORMAL,0
2026-01-09 21:10:00,23.88,74.77,1003.49,8.28,209.59,0.0,NORMAL,0
2026-01-09 21:20:00,22.99,69.87,1002.97,9.43,202.79,0.43,NORMAL,0
2026-01-09 21:30:00,23.86,78.98,1003.48,12.08,240.36,0.0,NORMAL,0
2026-01-09 21:40:00,24.76,81.77,1002.11,11.7,200.75,0.02,NORMAL,0
2026-01-09 21:50:00,26.51,78.04,1004.54,9.77,159.43,0.0,NORMAL,0
2026-01-09 22:00:00,25.22,73.86,1003.12,9.32,243.58,2.68,NORMAL,0
2026-01-09 22:10:00,24.87,69.83,1002.85,6.1,202.79,0.0,NORMAL,0
2026-01-09 22:20:00,23.97,79.67,1005.71,8.57,166.87,0.97,NORMAL,0
2026-01-09 22:30:00,23.16,77.25,1002.75,7.05,237.34,0.0,NORMAL,0
2026-01-09 22:40:00,26.52,77.41,1004.33,5.34,227.68,2.45,NORMAL,0
2026-01-09 22:50:00,24.86,68.54,1003.22,6.54,199.06,0.05,NORMAL,0
2026-01-09 23:00:00,26.17,72.78,1004.97,7.04,189.01,0.67,NORMAL,0
2026-01-09 23:10:00,27.82,76.18,1004.26,7.74,192.37,1.23,NORMAL,0
2026-01-09 23:20:00,27.43,63.79,1003.38,5.54,227.88,0.09,NORMAL,0
2026-01-09 23:30:00,26.77,66.95,1002.96,7.61,181.79,0.0,NORMAL,0
2026-01-09 23:40:00,28.0,62.72,1001.54,10.44,194.91,0.0,NORMAL,0
2026-01-09 23:50:00,27.7,68.21,1005.42,11.18,147.62,0.0,NORMAL,0
2026-01-10 00:00:00,27.07,71.58,1003.75,11.58,147.21,0.58,NORMAL,0
2026-01-10 00:10:00,28.24,65.21,1004.11,7.44,191.43,0.7,NORMAL,0
2026-01-10 00:20:00,28.87,68.16,1000.78,7.98,199.53,0.0,NORMAL,0
2026-01-10 00:30:00,25.93,66.55,1002.97,7.39,160.21,3.01,NORMAL,0
2026-01-10 00:40:00,27.37,64.83,1004.03,11.6,190.26,0.0,NORMAL,0
2026-01-10 00:50:00,29.49,71.23,1005.69,10.9,146.9,0.0,NORMAL,0
2026-01-10 01:00:00,29.9,71.13,1004.23,7.16,171.79,0.0,NORMAL,0
2026-01-10 01:10:00,28.22,64.18,1002.95,9.18,161.54,0.0,NORMAL,0
2026-01-10 01:20:00,30.12,67.36,1001.63,7.0,186.24,0.0,NORMAL,0
2026-01-10 01:30:00,29.38,58.91,1004.3,6.49,208.81,0.0,NORMAL,0
2026-01-10 01:40:00,29.62,69.63,1002.62,8.76,146.96,0.71,NORMAL,0
2026-01-10 01:50:00,27.35,63.88,1003.53,8.23,197.08,0.0,NORMAL,0
2026-01-10 02:00:00,30.28,62.54,1002.5,9.59,142.55,0.01,NORMAL,0
2026-01-10 02:10:00,26.47,59.87,1004.07,6.16,125.52,0.0,NORMAL,0
2026-01-10 02:20:00,31.51,64.95,1005.88,8.98,189.41,0.0,NORMAL,0
2026-01-10 02:30:00,29.87,68.5,1006.16,6.85,131.28,0.34,NORMAL,0
2026-01-10 02:40:00,30.42,66.19,1003.25,9.02,135.94,0.0,NORMAL,0
2026-01-10 02:50:00,38.76,63.96,1005.93,7.93,169.2,0.0,SENSOR_DRIFT,1
2026-01-10 03:00:00,31.01,62.67,1003.66,7.09,125.53,0.7,NORMAL,0
2026-01-10 03:10:00,30.82,57.2,1005.41,7.4,156.01,0.0,NORMAL,0
2026-01-10 03:20:00,30.33,53.67,1004.06,10.67,113.52,0.0,NORMAL,0
2026-01-10 03:30:00,31.91,64.89,1001.52,10.84,89.26,0.0,NORMAL,0
2026-01-10 03:40:00,30.98,57.09,1003.78,12.83,181.82,0.14,NORMAL,0
2026-01-10 03:50:00,32.22,67.92,1005.37,8.13,163.5,0.33,STUCK_SENSOR,1
2026-01-10 04:00:00,31.25,49.39,1004.04,7.29,137.5,0.0,NORMAL,0
2026-01-10 04:10:00,29.39,58.81,1006.27,7.9,81.97,0.0,NORMAL,0
2026-01-10 04:20:00,40.34,57.3,1004.82,10.37,122.08,0.0,SENSOR_DRIFT,1
2026-01-10 04:30:00,32.19,60.14,1006.85,8.28,131.94,0.0,NORMAL,0
2026-01-10 04:40:00,33.21,57.51,1004.89,11.47,136.81,0.0,NORMAL,0
2026-01-10 04:50:00,31.55,58.85,1003.79,4.26,158.64,0.0,NORMAL,0
2026-01-10 05:00:00,28.83,60.0,1006.29,9.57,125.88,0.0,NORMAL,0
2026-01-10 05:10:00,32.34,57.58,1005.05,8.89,158.59,0.0,NORMAL,0
2026-01-10 05:20:00,34.66,62.5,1004.44,9.29,175.96,0.29,NORMAL,0
2026-01-10 05:30:00,31.68,60.14,1005.9,11.09,151.92,2.31,NORMAL,0
2026-01-10 05:40:00,33.5,52.32,1003.26,11.51,159.4,0.0,NORMAL,0
2026-01-10 05:50:00,30.28,60.09,1006.84,10.84,168.79,0.0,NORMAL,0
2026-01-10 06:00:00,30.95,51.95,1005.83,7.26,120.07,0.1,NORMAL,0
2026-01-10 06:10:00,32.01,59.18,1002.55,6.49,132.54,0.0,NORMAL,0
2026-01-10 06:20:00,31.73,57.22,1005.26,8.58,124.25,0.0,NORMAL,0
2026-01-10 06:30:00,31.87,59.83,1004.37,12.81,118.21,0.0,NORMAL,0
2026-01-10 06:40:00,31.9,59.81,1007.86,9.21,154.63,1.52,NORMAL,0
2026-01-10 06:50:00,30.68,54.92,1003.53,9.59,101.87,0.18,NORMAL,0
2026-01-10 07:00:00,29.64,67.92,1005.3,10.42,141.9,0.0,STUCK_SENSOR,1
2026-01-10 07:10:00,31.96,50.32,1006.71,7.92,101.05,0.0,NORMAL,0
2026-01-10 07:20:00,30.29,52.73,1003.51,11.78,144.24,0.29,NORMAL,0
2026-01-10 07:30:00,30.92,56.13,1003.29,10.03,137.58,0.0,NORMAL,0
2026-01-10 07:40:00,40.16,59.25,1003.52,8.33,142.42,0.0,SENSOR_DRIFT,1
2026-01-10 07:50:00,29.49,64.82,1004.15,10.13,107.58,0.0,NORMAL,0
2026-01-10 08:00:00,33.42,67.92,1005.51,11.94,84.14,0.0,STUCK_SENSOR,1
2026-01-10 08:10:00,33.14,61.44,1006.28,6.64,123.54,0.0,NORMAL,0
2026-01-10 08:20:00,30.98,60.95,1003.89,7.88,95.36,0.4,NORMAL,0
2026-01-10 08:30:00,35.58,61.3,1004.18,10.17,108.54,0.79,SENSOR_DRIFT,1
2026-01-10 08:40:00,29.21,62.91,1003.8,9.35,148.14,1.24,NORMAL,0
2026-01-10 08:50:00,31.0,58.48,1004.86,12.95,158.39,0.78,NORMAL,0
2026-01-10 09:00:00,32.38,62.1,1005.54,9.18,102.52,2.9,NORMAL,0
2026-01-10 09:10:00,30.18,56.55,1006.81,8.01,130.44,0.0,NORMAL,0
2026-01-10 09:20:00,30.71,60.38,1005.6,8.23,110.4,1.2,NORMAL,0
2026-01-10 09:30:00,30.63,62.62,1006.19,8.88,94.15,0.1,NORMAL,0
2026-01-10 09:40:00,31.3,61.83,1005.23,11.75,37.22,0.84,NORMAL,0
2026-01-10 09:50:00,30.14,70.75,1006.89,8.02,70.42,0.0,NORMAL,0
2026-01-10 10:00:00,27.89,63.89,1008.05,12.61,117.82,0.0,NORMAL,0
2026-01-10 10:10:00,29.7,65.15,1005.99,9.82,126.93,1.4,NORMAL,0
2026-01-10 10:20:00,28.71,65.49,1005.35,14.41,143.32,1.65,NORMAL,0
2026-01-10 10:30:00,30.93,58.06,1007.44,7.7,87.33,0.0,NORMAL,0
2026-01-10 10:40:00,27.52,63.6,1005.62,10.24,56.84,0.0,NORMAL,0
2026-01-10 10:50:00,29.42,64.23,1006.23,11.43,80.77,0.38,NORMAL,0
2026-01-10 11:00:00,27.77,73.2,1004.56,11.14,105.47,0.0,NORMAL,0
2026-01-10 11:10:00,70.0,63.41,1005.15,8.96,99.26,0.0,OUT_OF_BOUNDS,1
2026-01-10 11:20:00,28.73,62.25,1006.48,12.36,99.93,0.0,NORMAL,0
2026-01-10 11:30:00,26.39,69.22,1007.09,9.26,126.38,0.14,NORMAL,0
2026-01-10 11:40:00,25.43,71.06,1006.24,11.99,121.02,0.0,NORMAL,0
2026-01-10 11:50:00,27.42,79.1,1004.43,9.93,101.87,0.0,NORMAL,0
2026-01-10 12:00:00,25.87,68.54,1008.58,10.55,64.04,0.0,NORMAL,0
2026-01-10 12:10:00,27.12,74.48,1004.13,10.18,125.04,1.34,NORMAL,0
2026-01-10 12:20:00,25.75,64.86,1004.98,9.35,70.37,0.0,NORMAL,0
2026-01-10 12:30:00,27.61,69.03,1007.6,12.01,150.82,0.0,NORMAL,0
2026-01-10 12:40:00,27.67,69.79,1004.33,11.22,71.09,1.55,NORMAL,0
2026-01-10 12:50:00,24.8,71.47,1007.09,11.84,98.75,0.0,NORMAL,0
2026-01-10 13:00:00,26.5,77.02,1005.72,9.14,112.34,1.32,NORMAL,0
2026-01-10 13:10:00,25.55,79.64,1008.43,9.46,91.7,0.06,NORMAL,0
2026-01-10 13:20:00,28.81,71.58,1005.85,11.44,54.87,0.0,SENSOR_DRIFT,1
2026-01-10 13:30:00,22.9,70.96,1005.68,10.69,113.27,0.11,NORMAL,0
2026-01-10 13:40:00,26.78,71.45,1005.62,12.91,108.32,0.0,NORMAL,0
2026-01-10 13:50:00,22.54,71.33,1007.24,15.26,117.23,0.0,NORMAL,0
2026-01-10 14:00:00,22.96,73.32,1006.74,9.27,80.25,1.86,NORMAL,0
2026-01-10 14:10:00,23.78,76.33,1005.23,9.98,93.34,0.62,NORMAL,0
2026-01-10 14:20:00,25.26,73.95,1004.78,11.61,101.0,2.58,NORMAL,0
2026-01-10 14:30:00,25.45,74.98,1006.76,12.97,130.5,0.0,NORMAL,0
2026-01-10 14:40:00,24.74,75.89,1006.54,11.26,109.53,0.78,NORMAL,0
2026-01-10 14:50:00,24.23,79.88,1008.52,8.94,97.49,0.0,NORMAL,0
2026-01-10 15:00:00,23.64,75.45,1005.83,14.52,81.54,0.07,NORMAL,0
2026-01-10 15:10:00,23.58,75.77,1007.5,13.39,122.8,3.44,NORMAL,0
2026-01-10 15:20:00,22.86,70.4,1005.24,10.68,118.01,0.0,NORMAL,0
2026-01-10 15:30:00,23.0,76.98,1003.7,12.09,48.59,0.36,NORMAL,0
2026-01-10 15:40:00,22.78,78.35,1005.02,12.43,109.67,0.0,NORMAL,0
2026-01-10 15:50:00,23.81,75.13,1006.21,10.43,58.34,0.0,NORMAL,0
2026-01-10 16:00:00,25.69,80.33,1007.84,13.25,88.98,1.06,SENSOR_DRIFT,1
2026-01-10 16:10:00,22.2,78.81,1006.15,8.72,126.34,0.77,NORMAL,0
2026-01-10 16:20:00,21.6,74.25,1008.59,10.48,92.17,0.53,NORMAL,0
2026-01-10 16:30:00,22.71,77.76,1004.89,8.29,94.97,0.0,NORMAL,0
2026-01-10 16:40:00,24.25,84.5,1005.3,7.64,53.35,0.0,NORMAL,0
2026-01-10 16:50:00,20.5,77.82,1006.92,9.11,151.95,0.0,NORMAL,0
2026-01-10 17:00:00,22.12,74.68,1006.38,11.82,76.69,0.19,NORMAL,0
2026-01-10 17:10:00,23.42,79.31,1005.32,9.36,166.14,0.0,NORMAL,0
2026-01-10 17:20:00,21.24,81.69,1004.91,9.46,135.88,0.64,NORMAL,0
2026-01-10 17:30:00,22.33,75.74,1008.35,12.69,190.07,0.0,NORMAL,0
2026-01-10 17:40:00,21.48,83.18,1007.49,10.94,147.29,0.28,NORMAL,0
2026-01-10 17:50:00,23.17,79.71,1006.72,7.91,131.15,0.45,NORMAL,0
2026-01-10 18:00:00,32.14,77.07,1008.19,10.8,116.56,0.0,SENSOR_DRIFT,1
2026-01-10 18:10:00,30.53,80.84,1005.19,10.18,119.84,0.0,SENSOR_DRIFT,1
2026-01-10 18:20:00,23.92,78.21,1008.09,13.06,166.95,0.0,NORMAL,0
2026-01-10 18:30:00,2.55,82.58,1007.82,8.85,86.68,1.61,SPIKE,1
2026-01-10 18:40:00,21.49,74.22,1008.57,12.24,116.3,0.0,NORMAL,0
2026-01-10 18:50:00,21.77,67.92,1004.39,11.6,105.4,0.0,STUCK_SENSOR,1
2026-01-10 19:00:00,22.44,76.68,1005.26,11.04,134.24,0.07,NORMAL,0
2026-01-10 19:10:00,23.46,82.39,1005.43,13.99,111.61,0.0,NORMAL,0
2026-01-10 19:20:00,23.87,82.4,1006.39,10.68,153.61,0.0,SENSOR_DRIFT,1
2026-01-10 19:30:00,28.76,80.98,1008.72,13.66,149.44,0.0,SENSOR_DRIFT,1
2026-01-10 19:40:00,25.4,79.06,1009.53,8.73,123.06,0.0,NORMAL,0
2026-01-10 19:50:00,23.48,77.76,1007.55,12.5,133.79,0.3,NORMAL,0
2026-01-10 20:00:00,22.39,77.35,1007.0,9.63,131.82,0.0,NORMAL,0
2026-01-10 20:10:00,21.61,77.36,1005.36,10.93,195.1,0.0,NORMAL,0
2026-01-10 20:20:00,24.66,79.68,1010.57,10.5,141.12,0.0,NORMAL,0
2026-01-10 20:30:00,22.49,74.19,1009.17,9.53,138.16,0.13,NORMAL,0
2026-01-10 20:40:00,22.1,75.81,1008.34,6.8,113.18,0.0,NORMAL,0
2026-01-10 20:50:00,22.03,74.9,1005.59,12.15,153.91,0.0,NORMAL,0
2026-01-10 21:00:00,22.18,76.02,1008.85,10.34,152.56,0.0,NORMAL,0
2026-01-10 21:10:00,24.98,76.87,1002.85,9.87,150.44,0.0,NORMAL,0
2026-01-10 21:20:00,22.79,76.83,1009.11,11.28,135.13,1.07,NORMAL,0
2026-01-10 21:30:00,23.2,77.67,1005.72,9.79,104.97,0.05,NORMAL,0
2026-01-10 21:40:00,23.23,74.7,1006.72,8.89,135.49,0.0,NORMAL,0
2026-01-10 21:50:00,23.23,80.97,1008.43,11.41,150.53,0.0,NORMAL,0
2026-01-10 22:00:00,25.06,71.17,1007.06,9.86,167.27,0.84,NORMAL,0
2026-01-10 22:10:00,24.92,76.01,1007.68,8.47,142.88,5.08,NORMAL,0
2026-01-10 22:20:00,22.01,74.93,1008.77,7.01,161.49,0.0,NORMAL,0
2026-01-10 22:30:00,26.46,68.27,1005.34,11.59,172.65,0.0,NORMAL,0
2026-01-10 22:40:00,25.56,72.68,1007.16,9.18,165.64,0.07,NORMAL,0
2026-01-10 22:50:00,26.12,76.47,1007.13,10.68,180.28,0.48,NORMAL,0
2026-01-10 23:00:00,44.56,65.74,1005.77,12.75,168.83,0.0,SPIKE,1
2026-01-10 23:10:00,25.06,75.09,1008.18,11.5,155.38,0.36,NORMAL,0
2026-01-10 23:20:00,23.68,75.79,1008.64,15.12,185.5,0.0,NORMAL,0
2026-01-10 23:30:00,28.35,72.9,1008.0,7.95,189.96,0.0,NORMAL,0
2026-01-10 23:40:00,25.98,64.48,1005.02,12.59,197.26,0.43,NORMAL,0
2026-01-10 23:50:00,31.7,65.36,1005.09,11.57,225.87,0.16,SENSOR_DRIFT,1
2026-01-11 00:00:00,28.63,71.59,1008.25,12.23,199.72,0.57,NORMAL,0
2026-01-11 00:10:00,29.35,62.71,1007.01,11.49,142.65,0.4,NORMAL,0
2026-01-11 00:20:00,27.54,63.54,1008.94,11.26,224.06,1.63,NORMAL,0
2026-01-11 00:30:00,25.78,70.84,1010.49,10.61,193.78,0.06,NORMAL,0
2026-01-11 00:40:00,28.62,64.87,1010.02,11.06,215.85,0.0,NORMAL,0
2026-01-11 00:50:00,26.36,67.82,1007.08,12.23,131.24,0.31,NORMAL,0
2026-01-11 01:00:00,27.88,67.49,1008.26,11.32,184.67,0.12,NORMAL,0
2026-01-11 01:10:00,29.59,68.6,1009.88,10.56,201.66,0.14,NORMAL,0
2026-01-11 01:20:00,29.45,66.11,1008.96,11.71,178.51,0.0,NORMAL,0
2026-01-11 01:30:00,29.8,67.92,1007.11,8.32,189.24,0.5,STUCK_SENSOR,1
2026-01-11 01:40:00,30.48,63.27,1009.66,8.26,192.11,0.0,NORMAL,0
2026-01-11 01:50:00,29.62,59.56,1008.96,7.9,174.85,2.97,NORMAL,0
2026-01-11 02:00:00,28.83,60.62,1008.59,13.02,184.03,0.0,NORMAL,0
2026-01-11 02:10:00,29.1,59.63,1007.47,9.94,222.82,0.0,NORMAL,0
2026-01-11 02:20:00,31.71,63.14,1008.08,9.82,234.6,0.0,NORMAL,0
2026-01-11 02:30:00,30.06,59.18,1006.82,11.27,232.86,0.0,NORMAL,0
2026-01-11 02:40:00,29.26,61.77,1007.32,11.92,171.16,1.1,NORMAL,0
2026-01-11 02:50:00,30.9,63.96,1006.22,16.62,207.77,0.0,NORMAL,0
2026-01-11 03:00:00,30.2,55.09,1008.89,11.9,195.95,0.0,NORMAL,0
2026-01-11 03:10:00,32.32,60.7,1006.57,15.7,234.52,0.0,NORMAL,0
2026-01-11 03:20:00,33.85,66.03,1009.66,13.69,222.07,0.71,NORMAL,0
2026-01-11 03:30:00,31.13,50.98,1007.42,7.77,236.87,0.34,NORMAL,0
2026-01-11 03:40:00,30.09,56.83,1011.36,12.48,250.44,0.81,NORMAL,0
2026-01-11 03:50:00,30.53,55.03,1009.28,9.21,226.72,0.0,NORMAL,0
2026-01-11 04:00:00,30.02,55.0,1008.97,10.05,192.68,2.2,NORMAL,0
2026-01-11 04:10:00,30.76,68.57,1006.2,9.87,248.57,0.25,NORMAL,0
2026-01-11 04:20:00,29.58,61.13,1008.11,8.47,269.59,0.0,NORMAL,0
2026-01-11 04:30:00,32.79,51.18,1008.52,13.73,240.78,0.21,NORMAL,0
2026-01-11 04:40:00,29.95,58.52,1009.52,10.7,192.57,0.0,NORMAL,0
2026-01-11 04:50:00,31.43,53.01,1007.0,10.39,245.68,0.0,NORMAL,0
2026-01-11 05:00:00,31.32,49.81,1010.95,12.5,186.69,0.38,NORMAL,0
2026-01-11 05:10:00,31.21,63.25,1010.36,9.66,240.38,0.0,NORMAL,0
2026-01-11 05:20:00,30.97,53.79,1010.39,9.59,259.95,0.0,NORMAL,0
2026-01-11 05:30:00,30.22,58.66,1010.79,7.91,212.19,0.0,NORMAL,0
2026-01-11 05:40:00,39.63,52.36,1011.08,11.96,262.74,0.05,SENSOR_DRIFT,1
2026-01-11 05:50:00,31.8,56.99,1011.46,8.85,192.16,2.32,NORMAL,0
2026-01-11 06:00:00,32.95,55.78,1008.34,8.02,217.21,0.0,NORMAL,0
2026-01-11 06:10:00,32.35,50.1,1008.03,9.09,240.87,0.08,NORMAL,0
2026-01-11 06:20:00,29.91,57.15,1008.62,8.85,242.67,0.0,NORMAL,0
2026-01-11 06:30:00,32.49,64.64,1008.91,10.89,216.98,2.32,NORMAL,0
2026-01-11 06:40:00,32.96,61.61,1009.14,12.41,238.55,0.01,NORMAL,0
2026-01-11 06:50:00,31.44,57.72,1008.42,10.22,240.85,0.0,NORMAL,0
2026-01-11 07:00:00,32.27,63.98,1009.25,9.4,292.89,2.13,NORMAL,0
2026-01-11 07:10:00,30.7,56.36,1008.71,10.33,250.79,0.96,NORMAL,0
2026-01-11 07:20:00,31.49,56.83,1006.19,8.4,279.49,0.0,NORMAL,0
2026-01-11 07:30:00,30.75,58.33,1010.01,7.79,279.82,0.18,NORMAL,0
2026-01-11 07:40:00,33.55,56.03,1010.29,11.41,248.85,0.0,NORMAL,0
2026-01-11 07:50:00,30.99,55.41,1011.09,8.27,246.29,0.15,NORMAL,0
2026-01-11 08:00:00,32.03,55.2,1010.48,9.94,261.37,0.0,NORMAL,0
2026-01-11 08:10:00,31.83,59.23,1009.48,4.27,215.8,0.64,NORMAL,0
2026-01-11 08:20:00,27.88,63.21,1008.77,7.56,221.9,0.0,NORMAL,0
2026-01-11 08:30:00,30.18,57.64,1008.36,8.74,237.21,1.22,NORMAL,0
2026-01-11 08:40:00,37.98,53.29,1011.29,13.22,240.27,0.69,SENSOR_DRIFT,1
2026-01-11 08:50:00,33.76,68.76,1010.8,5.31,260.29,0.0,NORMAL,0
2026-01-11 09:00:00,29.11,64.81,1008.69,9.15,230.06,0.08,NORMAL,0
2026-01-11 09:10:00,31.46,58.78,1008.57,8.05,255.95,0.0,NORMAL,0
2026-01-11 09:20:00,29.89,62.92,1011.58,9.32,209.12,1.16,NORMAL,0
2026-01-11 09:30:00,28.65,56.46,1009.59,6.85,282.22,0.0,NORMAL,0
2026-01-11 09:40:00,30.51,63.55,1010.37,5.96,259.29,0.0,NORMAL,0
2026-01-11 09:50:00,29.12,65.76,1010.55,5.78,289.12,0.0,NORMAL,0
2026-01-11 10:00:00,30.88,62.52,1010.26,9.41,261.51,0.45,NORMAL,0
2026-01-11 10:10:00,28.77,64.17,1008.67,9.01,250.68,0.0,NORMAL,0
2026-01-11 10:20:00,28.22,62.49,1008.15,6.89,275.02,0.0,NORMAL,0
2026-01-11 10:30:00,26.94,61.68,1009.02,4.73,259.44,0.0,NORMAL,0
2026-01-11 10:40:00,29.27,60.3,1006.14,7.54,259.61,0.54,NORMAL,0
2026-01-11 10:50:00,27.96,67.96,1010.82,8.91,230.91,0.0,NORMAL,0
2026-01-11 11:00:00,27.73,68.19,1009.71,9.04,264.28,0.0,NORMAL,0
2026-01-11 11:10:00,26.64,59.58,1012.68,4.78,269.85,0.88,NORMAL,0
2026-01-11 11:20:00,27.17,62.86,1009.22,9.25,266.25,0.0,NORMAL,0
2026-01-11 11:30:00,28.45,63.48,1009.65,10.1,252.11,0.27,NORMAL,0
2026-01-11 11:40:00,26.44,61.36,1010.79,10.76,209.43,0.69,NORMAL,0
2026-01-11 11:50:00,25.8,78.58,1010.93,9.24,259.28,0.0,NORMAL,0
2026-01-11 12:00:00,27.97,66.72,1010.54,8.18,254.89,0.0,NORMAL,0
2026-01-11 12:10:00,26.63,76.44,1010.65,7.32,265.77,0.81,NORMAL,0
2026-01-11 12:20:00,25.93,67.84,1010.81,5.58,255.52,0.92,NORMAL,0
2026-01-11 12:30:00,25.81,67.2,1009.43,5.27,283.03,0.0,NORMAL,0
2026-01-11 12:40:00,25.77,76.79,1011.62,8.07,237.76,1.36,NORMAL,0
2026-01-11 12:50:00,27.02,66.34,1008.96,4.4,282.59,0.02,NORMAL,0
2026-01-11 13:00:00,24.27,66.46,1009.64,8.64,275.61,0.0,NORMAL,0
2026-01-11 13:10:00,24.91,73.88,1012.43,5.57,305.29,0.0,NORMAL,0
2026-01-11 13:20:00,25.27,72.7,1009.58,7.11,292.5,0.0,NORMAL,0
2026-01-11 13:30:00,23.95,76.06,1009.71,9.44,240.05,0.0,NORMAL,0
2026-01-11 13:40:00,26.05,71.98,1009.3,7.79,282.46,0.16,NORMAL,0
2026-01-11 13:50:00,27.37,77.14,1011.07,10.53,283.19,2.72,NORMAL,0
2026-01-11 14:00:00,25.64,73.07,1010.25,7.57,223.51,0.21,NORMAL,0
2026-01-11 14:10:00,25.14,80.99,1010.44,5.49,245.07,0.0,NORMAL,0
2026-01-11 14:20:00,23.28,71.92,1008.14,7.01,244.61,0.73,NORMAL,0
2026-01-11 14:30:00,23.06,76.28,1010.14,5.25,279.67,0.24,NORMAL,0
2026-01-11 14:40:00,24.64,71.63,1010.68,6.13,301.44,1.78,NORMAL,0
2026-01-11 14:50:00,24.1,72.11,1008.89,5.28,246.31,0.8,NORMAL,0
2026-01-11 15:00:00,24.71,76.96,1010.85,6.54,287.12,0.0,NORMAL,0
2026-01-11 15:10:00,25.09,75.48,1011.53,5.44,275.58,0.2,NORMAL,0
2026-01-11 15:20:00,25.96,79.8,1010.51,6.09,261.7,0.0,SENSOR_DRIFT,1
2026-01-11 15:30:00,21.53,77.65,1011.88,9.68,246.04,0.03,NORMAL,0
2026-01-11 15:40:00,22.41,72.31,1009.47,5.68,281.7,0.0,NORMAL,0
2026-01-11 15:50:00,22.43,82.19,1014.4,6.24,215.89,0.0,NORMAL,0
2026-01-11 16:00:00,25.06,81.02,1011.78,4.35,235.21,0.0,NORMAL,0
2026-01-11 16:10:00,23.29,84.61,1011.48,3.19,262.1,0.99,NORMAL,0
2026-01-11 16:20:00,21.2,78.95,1010.26,5.53,239.2,0.3,NORMAL,0
2026-01-11 16:30:00,22.39,80.24,1010.23,5.96,238.17,0.0,NORMAL,0
2026-01-11 16:40:00,21.98,73.93,1007.53,10.3,202.35,0.47,NORMAL,0
2026-01-11 16:50:00,24.58,76.32,1014.15,8.08,265.78,0.8,NORMAL,0
2026-01-11 17:00:00,23.41,86.21,1011.84,6.88,227.78,1.9,NORMAL,0
2026-01-11 17:10:00,25.51,80.17,1011.55,5.19,266.34,0.08,NORMAL,0
2026-01-11 17:20:00,23.16,77.54,1012.37,6.51,231.23,0.0,NORMAL,0
2026-01-11 17:30:00,5.44,84.11,1011.08,9.72,250.68,0.31,SPIKE,1
2026-01-11 17:40:00,23.19,83.24,1012.5,8.21,204.51,0.0,NORMAL,0
2026-01-11 17:50:00,21.66,85.42,1008.03,8.49,234.27,0.0,NORMAL,0
2026-01-11 18:00:00,27.78,78.81,1010.99,6.46,262.55,0.11,SENSOR_DRIFT,1
2026-01-11 18:10:00,21.69,77.56,1014.11,7.0,221.48,0.0,NORMAL,0
2026-01-11 18:20:00,23.03,80.97,1011.08,4.5,250.04,0.0,NORMAL,0
2026-01-11 18:30:00,21.01,76.36,1009.47,3.68,247.15,0.59,NORMAL,0
2026-01-11 18:40:00,21.0,72.43,1012.88,6.16,223.66,0.0,NORMAL,0
2026-01-11 18:50:00,24.02,78.43,1014.56,7.0,224.31,0.0,NORMAL,0
2026-01-11 19:00:00,22.82,81.73,1011.78,0.76,231.08,0.0,NORMAL,0
2026-01-11 19:10:00,23.52,85.57,1010.77,8.53,224.95,0.0,NORMAL,0
2026-01-11 19:20:00,22.45,79.22,1012.43,5.3,197.79,0.0,NORMAL,0
2026-01-11 19:30:00,22.65,76.93,1012.88,6.08,202.62,1.69,NORMAL,0
2026-01-11 19:40:00,24.2,81.23,1013.01,6.15,247.43,0.56,NORMAL,0
2026-01-11 19:50:00,23.02,77.67,1009.95,8.61,227.6,0.0,NORMAL,0
2026-01-11 20:00:00,23.94,76.84,1009.07,4.56,266.34,4.42,NORMAL,0
2026-01-11 20:10:00,21.3,75.97,1012.62,6.92,256.33,0.88,NORMAL,0
2026-01-11 20:20:00,22.98,79.39,1011.69,6.82,217.47,0.7,NORMAL,0
2026-01-11 20:30:00,24.14,79.56,1011.24,6.48,213.28,0.0,NORMAL,0
2026-01-11 20:40:00,24.81,73.21,1010.54,8.64,222.68,0.0,NORMAL,0
2026-01-11 20:50:00,23.79,75.75,1010.22,5.28,208.9,0.0,NORMAL,0
2026-01-11 21:00:00,20.84,87.79,1011.54,7.77,205.33,0.0,NORMAL,0
2026-01-11 21:10:00,-45.0,72.44,1011.11,3.95,209.26,0.0,OUT_OF_BOUNDS,1
2026-01-11 21:20:00,23.0,76.34,1011.5,11.5,217.77,0.0,NORMAL,0
2026-01-11 21:30:00,22.05,80.59,1011.98,6.07,208.18,1.77,NORMAL,0
2026-01-11 21:40:00,24.78,75.0,1013.02,4.15,231.69,0.0,NORMAL,0
2026-01-11 21:50:00,23.29,80.46,1012.22,10.71,221.03,0.96,NORMAL,0
2026-01-11 22:00:00,26.66,73.43,1012.33,3.19,241.63,0.0,NORMAL,0
2026-01-11 22:10:00,24.9,70.12,1010.54,3.4,212.94,0.72,NORMAL,0
2026-01-11 22:20:00,26.38,65.41,1012.23,8.75,190.92,0.0,NORMAL,0
2026-01-11 22:30:00,27.3,72.3,1010.46,4.16,206.24,0.0,NORMAL,0
2026-01-11 22:40:00,26.18,75.95,1010.15,2.98,190.11,0.0,NORMAL,0
2026-01-11 22:50:00,25.65,69.98,1009.3,7.95,222.1,0.02,NORMAL,0
2026-01-11 23:00:00,27.51,67.29,1012.24,5.65,165.74,0.48,NORMAL,0
2026-01-11 23:10:00,23.84,67.76,1011.29,5.63,141.89,0.27,NORMAL,0
2026-01-11 23:20:00,26.27,74.08,1013.58,7.18,179.36,0.0,NORMAL,0
2026-01-11 23:30:00,24.98,65.54,1011.29,11.19,136.43,0.41,NORMAL,0
2026-01-11 23:40:00,24.39,69.76,1012.62,6.04,143.84,0.0,NORMAL,0
2026-01-11 23:50:00,25.61,63.52,1011.86,6.76,202.84,0.0,NORMAL,0
2026-01-12 00:00:00,27.25,66.7,1010.43,7.28,134.24,0.95,NORMAL,0
2026-01-12 00:10:00,27.04,65.47,1012.81,10.47,186.41,1.32,NORMAL,0
2026-01-12 00:20:00,27.86,64.41,1013.86,6.4,154.92,0.0,NORMAL,0
2026-01-12 00:30:00,34.43,72.95,1013.06,5.69,152.0,0.0,SENSOR_DRIFT,1
2026-01-12 00:40:00,27.97,65.49,1012.12,5.53,209.97,0.0,NORMAL,0
2026-01-12 00:50:00,27.41,66.68,1011.45,7.38,173.65,2.27,NORMAL,0
2026-01-12 01:00:00,30.08,64.13,1010.5,2.45,173.22,0.0,NORMAL,0
2026-01-12 01:10:00,29.93,68.85,1009.82,5.12,152.74,0.29,NORMAL,0
2026-01-12 01:20:00,29.42,68.37,1011.8,5.58,191.9,0.0,NORMAL,0
2026-01-12 01:30:00,29.44,63.95,1013.01,6.61,186.68,0.47,NORMAL,0
2026-01-12 01:40:00,28.06,63.74,1010.25,5.45,142.19,0.0,NORMAL,0
2026-01-12 01:50:00,27.43,65.89,1012.05,5.35,166.56,0.0,NORMAL,0
2026-01-12 02:00:00,27.62,62.55,1013.39,6.45,123.95,0.0,NORMAL,0
2026-01-12 02:10:00,32.03,63.08,1012.39,2.81,104.2,0.0,NORMAL,0
2026-01-12 02:20:00,29.72,57.79,1011.01,3.53,148.74,0.27,NORMAL,0
2026-01-12 02:30:00,30.16,62.96,1011.23,4.29,177.13,0.0,NORMAL,0
2026-01-12 02:40:00,31.57,64.52,1014.59,5.38,183.25,2.52,NORMAL,0
2026-01-12 02:50:00,41.07,58.36,1010.2,4.22,165.31,0.0,SENSOR_DRIFT,1
2026-01-12 03:00:00,32.51,68.64,1010.66,4.44,130.97,0.0,NORMAL,0
2026-01-12 03:10:00,32.18,55.2,1012.45,4.3,166.77,1.67,NORMAL,0
2026-01-12 03:20:00,31.5,61.75,1008.75,4.17,176.44,0.23,NORMAL,0
2026-01-12 03:30:00,33.26,59.23,1012.87,2.73,170.53,0.82,NORMAL,0
2026-01-12 03:40:00,37.33,53.98,1014.44,4.24,138.48,0.92,SENSOR_DRIFT,1
2026-01-12 03:50:00,32.0,64.64,1011.3,2.84,155.08,0.0,NORMAL,0
2026-01-12 04:00:00,31.94,51.2,1009.55,4.3,119.77,0.0,NORMAL,0
2026-01-12 04:10:00,30.37,55.93,1009.89,5.48,139.0,0.12,NORMAL,0
2026-01-12 04:20:00,31.86,54.6,1012.52,2.45,136.65,0.0,NORMAL,0
2026-01-12 04:30:00,31.39,57.33,1012.37,7.16,191.93,0.11,NORMAL,0
2026-01-12 04:40:00,31.8,62.72,1008.26,6.38,106.35,0.0,NORMAL,0
2026-01-12 04:50:00,31.92,57.79,1010.02,7.17,138.32,0.0,NORMAL,0
2026-01-12 05:00:00,32.01,60.15,1009.4,3.12,110.27,0.0,NORMAL,0
2026-01-12 05:10:00,32.0,52.69,1011.54,6.9,92.4,0.05,NORMAL,0
2026-01-12 05:20:00,30.96,51.85,1011.6,1.58,161.25,1.44,NORMAL,0
2026-01-12 05:30:00,31.25,52.65,1011.25,3.82,169.95,0.0,NORMAL,0
2026-01-12 05:40:00,30.01,61.59,1014.0,4.65,143.47,0.0,NORMAL,0
2026-01-12 05:50:00,30.24,60.53,1013.81,2.81,100.07,1.17,NORMAL,0
2026-01-12 06:00:00,31.21,55.82,1009.6,3.81,113.18,0.0,NORMAL,0
2026-01-12 06:10:00,33.69,54.32,1011.68,4.82,156.82,0.03,NORMAL,0
2026-01-12 06:20:00,29.91,61.33,1014.03,0.93,130.68,0.56,NORMAL,0
2026-01-12 06:30:00,33.92,57.99,1011.66,4.0,113.07,0.71,NORMAL,0
2026-01-12 06:40:00,32.36,55.22,1012.59,6.02,81.95,0.0,NORMAL,0
2026-01-12 06:50:00,33.65,49.67,1015.21,5.31,113.02,0.0,SENSOR_DRIFT,1
2026-01-12 07:00:00,32.4,55.2,1012.87,3.55,123.85,0.0,NORMAL,0
2026-01-12 07:10:00,32.42,51.16,1013.45,8.9,118.19,0.73,NORMAL,0
2026-01-12 07:20:00,32.53,56.15,1012.25,5.24,78.46,0.0,NORMAL,0
2026-01-12 07:30:00,32.7,54.43,1011.91,3.12,97.89,0.0,NORMAL,0
2026-01-12 07:40:00,29.4,59.28,1009.9,2.72,129.19,0.0,NORMAL,0
2026-01-12 07:50:00,31.43,59.43,1012.27,4.47,157.21,0.0,NORMAL,0
2026-01-12 08:00:00,31.45,64.05,1012.35,1.52,114.53,0.0,NORMAL,0
2026-01-12 08:10:00,31.76,66.59,1012.99,5.03,150.6,0.0,NORMAL,0
2026-01-12 08:20:00,32.37,52.61,1013.97,6.03,89.84,0.0,NORMAL,0
2026-01-12 08:30:00,31.18,60.97,1009.89,5.21,68.82,0.14,NORMAL,0
2026-01-12 08:40:00,29.44,61.02,1011.03,3.63,107.06,0.62,NORMAL,0
2026-01-12 08:50:00,29.7,61.13,1013.51,1.3,119.28,0.0,NORMAL,0
2026-01-12 09:00:00,30.8,59.68,1011.17,6.08,144.5,0.0,NORMAL,0
2026-01-12 09:10:00,31.58,59.49,1013.6,7.23,103.79,0.09,NORMAL,0
2026-01-12 09:20:00,30.84,61.67,1013.69,3.34,86.49,0.0,NORMAL,0
2026-01-12 09:30:00,31.85,53.09,1010.7,4.95,93.0,0.0,NORMAL,0
2026-01-12 09:40:00,29.09,56.93,1010.18,2.62,119.62,0.0,NORMAL,0
2026-01-12 09:50:00,30.77,66.41,1010.56,7.94,62.8,0.0,NORMAL,0
2026-01-12 10:00:00,30.35,58.06,1013.69,5.58,126.12,0.0,NORMAL,0
2026-01-12 10:10:00,39.95,62.89,1014.62,4.81,85.34,0.0,SENSOR_DRIFT,1
2026-01-12 10:20:00,30.48,65.45,1014.29,3.12,78.58,0.84,NORMAL,0
2026-01-12 10:30:00,28.39,62.76,1009.87,7.99,94.86,0.0,NORMAL,0
2026-01-12 10:40:00,30.86,65.76,1012.49,9.02,68.26,0.0,NORMAL,0
2026-01-12 10:50:00,30.43,56.8,1012.24,4.37,121.16,1.03,NORMAL,0
2026-01-12 11:00:00,28.11,58.98,1012.73,6.96,77.37,0.0,NORMAL,0
2026-01-12 11:10:00,28.17,65.7,1012.93,4.25,83.2,2.49,NORMAL,0
2026-01-12 11:20:00,26.34,68.81,1011.84,2.38,72.9,1.44,NORMAL,0
2026-01-12 11:30:00,28.53,65.14,1010.38,5.22,91.94,0.0,NORMAL,0
2026-01-12 11:40:00,30.1,66.61,1010.96,3.91,117.5,0.0,NORMAL,0
2026-01-12 11:50:00,27.1,66.95,1010.05,6.55,118.0,1.0,NORMAL,0
2026-01-12 12:00:00,26.07,70.9,1012.22,4.98,156.34,0.0,NORMAL,0
2026-01-12 12:10:00,26.89,65.4,1013.36,6.23,121.4,0.0,NORMAL,0
2026-01-12 12:20:00,25.63,63.41,1010.3,5.48,60.21,0.0,NORMAL,0
2026-01-12 12:30:00,25.79,71.52,1011.15,5.88,69.47,0.0,NORMAL,0
2026-01-12 12:40:00,27.11,70.83,1011.23,5.46,105.81,1.41,NORMAL,0
2026-01-12 12:50:00,23.96,66.1,1011.51,6.45,92.99,0.0,NORMAL,0
2026-01-12 13:00:00,24.1,68.55,1013.54,3.51,117.13,0.4,NORMAL,0
2026-01-12 13:10:00,25.6,64.24,1012.26,8.31,74.29,0.0,NORMAL,0
2026-01-12 13:20:00,26.34,73.6,1012.54,3.75,89.76,0.0,NORMAL,0
2026-01-12 13:30:00,23.11,73.14,1013.35,2.99,101.32,0.0,NORMAL,0
2026-01-12 13:40:00,21.53,74.72,1011.89,5.18,79.42,0.0,NORMAL,0
2026-01-12 13:50:00,22.29,76.65,1011.68,8.23,76.83,1.13,NORMAL,0
2026-01-12 14:00:00,24.1,79.47,1011.82,4.24,88.83,0.93,NORMAL,0
2026-01-12 14:10:00,23.88,79.3,1012.18,5.0,112.22,0.0,NORMAL,0
2026-01-12 14:20:00,24.03,77.38,1011.71,8.14,110.5,0.0,NORMAL,0
2026-01-12 14:30:00,23.58,67.87,1009.74,0.0,98.05,0.87,NORMAL,0
2026-01-12 14:40:00,25.77,81.6,1009.74,5.97,93.72,1.51,NORMAL,0
2026-01-12 14:50:00,24.05,77.62,1011.6,5.21,103.59,0.0,NORMAL,0
2026-01-12 15:00:00,24.36,69.7,1011.99,7.7,75.68,0.0,NORMAL,0
2026-01-12 15:10:00,23.71,75.4,1012.68,5.0,114.04,1.97,NORMAL,0
2026-01-12 15:20:00,24.63,79.25,1013.15,6.17,77.15,0.0,NORMAL,0
2026-01-12 15:30:00,23.89,72.71,1011.15,7.85,141.91,0.13,NORMAL,0
2026-01-12 15:40:00,23.98,74.44,1010.21,9.58,117.53,2.77,NORMAL,0
2026-01-12 15:50:00,22.6,82.28,1011.12,5.9,114.12,0.19,NORMAL,0
2026-01-12 16:00:00,23.5,79.6,1012.87,2.69,102.02,0.0,NORMAL,0
2026-01-12 16:10:00,21.33,73.73,1011.86,5.6,136.9,0.24,NORMAL,0
2026-01-12 16:20:00,23.76,75.1,1012.2,8.46,43.4,0.0,NORMAL,0
2026-01-12 16:30:00,22.77,79.61,1012.37,3.91,68.92,0.0,NORMAL,0
2026-01-12 16:40:00,23.88,85.99,1011.6,4.85,78.27,0.26,NORMAL,0
2026-01-12 16:50:00,24.44,91.54,1011.4,4.63,156.47,0.23,NORMAL,0
2026-01-12 17:00:00,21.55,81.11,1011.11,11.35,126.39,5.61,NORMAL,0
2026-01-12 17:10:00,21.28,75.49,1010.48,6.99,83.84,0.87,NORMAL,0
2026-01-12 17:20:00,20.42,80.41,1010.75,8.23,128.46,1.27,NORMAL,0
2026-01-12 17:30:00,22.8,82.24,1010.54,6.7,141.63,0.0,NORMAL,0
2026-01-12 17:40:00,22.76,79.81,1010.37,6.13,125.76,0.0,NORMAL,0
2026-01-12 17:50:00,24.53,77.77,1009.97,6.91,127.54,0.0,NORMAL,0
2026-01-12 18:00:00,20.79,80.52,1011.87,9.0,123.68,0.0,NORMAL,0
2026-01-12 18:10:00,22.76,86.08,1012.2,6.37,87.24,0.0,NORMAL,0
2026-01-12 18:20:00,20.38,67.92,1012.27,9.26,163.14,1.71,STUCK_SENSOR,1
2026-01-12 18:30:00,21.48,87.14,1012.37,7.26,122.64,0.0,NORMAL,0
2026-01-12 18:40:00,22.0,69.33,1012.9,3.85,89.63,0.02,NORMAL,0
2026-01-12 18:50:00,21.77,82.44,1011.3,8.35,127.05,3.73,NORMAL,0
2026-01-12 19:00:00,22.23,78.66,1011.23,5.54,132.79,1.08,NORMAL,0
2026-01-12 19:10:00,22.24,80.59,1009.63,5.61,110.28,1.92,NORMAL,0
2026-01-12 19:20:00,22.52,83.78,1013.35,10.28,153.46,0.08,NORMAL,0
2026-01-12 19:30:00,23.03,85.54,1013.16,7.28,153.12,0.0,NORMAL,0
2026-01-12 19:40:00,23.51,78.14,1010.55,7.64,149.6,0.0,NORMAL,0
2026-01-12 19:50:00,23.43,78.55,1011.78,6.92,159.93,0.0,NORMAL,0
2026-01-12 20:00:00,23.35,71.66,1012.68,4.3,134.94,0.15,NORMAL,0
2026-01-12 20:10:00,22.61,77.96,1010.97,4.3,128.33,0.0,NORMAL,0
2026-01-12 20:20:00,22.73,77.02,1008.45,6.5,177.28,0.0,NORMAL,0
2026-01-12 20:30:00,31.86,78.61,1013.55,5.34,125.99,0.59,SENSOR_DRIFT,1
2026-01-12 20:40:00,23.93,72.27,1011.02,4.89,130.91,0.0,NORMAL,0
2026-01-12 20:50:00,23.83,77.5,1011.4,6.85,144.29,2.02,NORMAL,0
2026-01-12 21:00:00,23.21,73.87,1009.2,5.55,103.27,0.0,NORMAL,0
2026-01-12 21:10:00,24.91,81.87,1009.1,7.97,95.86,8.66,NORMAL,0
2026-01-12 21:20:00,26.33,76.54,1010.91,7.91,190.37,0.0,NORMAL,0
2026-01-12 21:30:00,23.94,77.35,1009.22,4.28,115.8,0.59,NORMAL,0
2026-01-12 21:40:00,9.02,73.23,1013.13,9.72,138.5,0.0,SPIKE,1
2026-01-12 21:50:00,26.78,73.76,1011.68,8.42,171.18,0.42,NORMAL,0
2026-01-12 22:00:00,22.95,71.45,1010.84,3.37,158.58,0.49,NORMAL,0
2026-01-12 22:10:00,26.33,77.97,1009.35,7.35,161.05,1.32,NORMAL,0
2026-01-12 22:20:00,24.77,71.69,1011.63,4.98,114.44,0.0,NORMAL,0
2026-01-12 22:30:00,26.34,69.23,1012.09,6.88,169.99,0.0,NORMAL,0
2026-01-12 22:40:00,24.08,75.34,1011.29,6.0,160.53,0.42,NORMAL,0
2026-01-12 22:50:00,25.83,66.78,1008.75,9.42,109.68,0.0,NORMAL,0
2026-01-12 23:00:00,24.63,76.23,1008.37,5.88,164.58,0.0,NORMAL,0
2026-01-12 23:10:00,25.76,70.14,1011.73,11.6,158.41,0.0,NORMAL,0
2026-01-12 23:20:00,25.97,71.92,1010.85,8.66,156.97,0.0,NORMAL,0
2026-01-12 23:30:00,26.93,67.92,1011.31,8.62,205.35,1.85,STUCK_SENSOR,1
2026-01-12 23:40:00,25.44,69.58,1011.37,7.85,144.96,0.0,NORMAL,0
2026-01-12 23:50:00,28.55,70.53,1008.18,4.53,194.49,0.79,NORMAL,0
2026-01-13 00:00:00,27.13,65.84,1010.11,8.14,237.76,0.16,NORMAL,0
2026-01-13 00:10:00,27.54,65.35,1007.99,9.85,192.93,0.98,NORMAL,0
2026-01-13 00:20:00,27.92,63.95,1010.09,10.94,205.15,0.0,NORMAL,0
2026-01-13 00:30:00,27.61,62.28,1009.5,3.38,182.56,0.65,NORMAL,0
2026-01-13 00:40:00,28.48,64.4,1010.88,9.44,189.77,2.54,NORMAL,0
2026-01-13 00:50:00,28.14,61.14,1009.35,10.64,192.88,1.4,NORMAL,0
2026-01-13 01:00:00,28.43,64.12,1010.94,7.83,196.39,0.25,NORMAL,0
2026-01-13 01:10:00,29.55,61.56,1009.78,9.99,163.36,0.0,NORMAL,0
2026-01-13 01:20:00,26.86,63.62,1009.43,8.24,217.51,0.0,NORMAL,0
2026-01-13 01:30:00,28.64,64.01,1008.94,10.73,209.75,0.04,NORMAL,0
2026-01-13 01:40:00,30.59,63.21,1008.37,8.24,191.15,0.4,NORMAL,0
2026-01-13 01:50:00,32.48,60.44,1011.43,7.83,186.46,0.0,NORMAL,0
2026-01-13 02:00:00,29.48,62.14,1007.95,5.95,238.69,0.0,NORMAL,0
2026-01-13 02:10:00,28.08,67.1,1011.41,10.11,232.14,0.0,NORMAL,0
2026-01-13 02:20:00,30.4,60.0,1011.07,9.0,189.82,2.01,NORMAL,0
2026-01-13 02:30:00,30.95,57.19,1009.83,8.68,220.15,0.0,NORMAL,0
2026-01-13 02:40:00,33.15,53.83,1011.07,7.37,158.5,0.0,SENSOR_DRIFT,1
2026-01-13 02:50:00,30.56,53.09,1010.87,7.31,199.6,0.0,NORMAL,0
2026-01-13 03:00:00,32.34,52.68,1009.8,9.29,194.05,0.0,NORMAL,0
2026-01-13 03:10:00,30.63,59.66,1010.1,8.86,233.04,0.07,NORMAL,0
2026-01-13 03:20:00,30.71,56.26,1006.6,3.89,233.04,0.0,NORMAL,0
2026-01-13 03:30:00,30.54,61.42,1013.13,10.34,229.72,0.13,NORMAL,0
2026-01-13 03:40:00,30.55,53.17,1010.88,7.58,257.31,0.0,NORMAL,0
2026-01-13 03:50:00,31.93,65.63,1010.47,8.55,220.99,0.0,NORMAL,0
2026-01-13 04:00:00,33.74,64.44,1009.76,7.57,215.27,0.98,NORMAL,0
2026-01-13 04:10:00,30.03,54.91,1007.23,6.57,229.46,0.72,NORMAL,0
2026-01-13 04:20:00,29.98,56.18,1011.76,6.33,185.19,0.11,NORMAL,0
2026-01-13 04:30:00,33.21,50.56,1010.07,8.37,209.86,0.0,NORMAL,0
2026-01-13 04:40:00,30.83,52.09,1007.96,11.65,272.84,0.47,NORMAL,0
2026-01-13 04:50:00,31.91,50.2,1008.42,11.05,234.11,0.0,NORMAL,0
2026-01-13 05:00:00,31.41,57.04,1005.64,9.02,260.27,0.16,NORMAL,0
2026-01-13 05:10:00,33.02,55.27,1012.96,7.51,201.54,0.0,NORMAL,0
2026-01-13 05:20:00,32.0,59.07,1007.98,7.56,218.12,0.1,NORMAL,0
2026-01-13 05:30:00,33.07,58.69,1008.91,6.08,218.02,0.35,NORMAL,0
2026-01-13 05:40:00,31.27,51.65,1010.48,7.59,225.95,0.0,NORMAL,0
2026-01-13 05:50:00,30.09,56.96,1010.46,9.74,234.52,0.0,NORMAL,0
2026-01-13 06:00:00,32.25,59.39,1007.09,12.16,253.95,0.0,NORMAL,0
2026-01-13 06:10:00,31.61,57.63,1007.14,10.82,214.6,0.0,NORMAL,0
2026-01-13 06:20:00,31.76,57.18,1012.24,8.81,221.61,0.0,NORMAL,0
2026-01-13 06:30:00,31.74,59.91,1011.02,8.89,220.59,1.42,NORMAL,0
2026-01-13 06:40:00,30.8,51.85,1012.56,8.59,259.9,0.0,NORMAL,0
2026-01-13 06:50:00,32.61,54.44,1006.76,7.61,246.9,0.0,NORMAL,0
2026-01-13 07:00:00,33.76,59.77,1007.93,11.62,228.39,0.55,SENSOR_DRIFT,1
2026-01-13 07:10:00,31.77,60.23,1011.83,5.82,244.34,0.0,NORMAL,0
2026-01-13 07:20:00,31.21,60.79,1007.56,12.23,269.39,0.23,NORMAL,0
2026-01-13 07:30:00,32.43,61.52,1007.81,11.25,257.81,0.34,NORMAL,0
2026-01-13 07:40:00,32.39,57.82,1007.74,10.85,239.21,0.0,NORMAL,0
2026-01-13 07:50:00,30.76,59.9,1009.04,8.66,256.08,0.0,NORMAL,0
2026-01-13 08:00:00,29.92,53.37,1009.05,13.68,220.41,0.0,NORMAL,0
2026-01-13 08:10:00,32.69,50.38,1010.51,10.85,234.54,0.22,NORMAL,0
2026-01-13 08:20:00,30.87,60.13,1010.72,10.37,253.58,0.0,NORMAL,0
2026-01-13 08:30:00,32.08,60.53,1007.46,10.23,230.51,0.0,NORMAL,0
2026-01-13 08:40:00,30.92,59.12,1008.34,12.43,217.99,0.0,NORMAL,0
2026-01-13 08:50:00,30.69,65.87,1008.5,10.73,168.94,0.4,NORMAL,0
2026-01-13 09:00:00,33.06,61.85,1007.79,13.32,246.55,0.0,NORMAL,0
2026-01-13 09:10:00,29.61,54.48,1009.07,8.44,255.9,0.0,NORMAL,0
2026-01-13 09:20:00,29.82,58.44,1006.64,7.96,251.24,3.32,NORMAL,0
2026-01-13 09:30:00,30.69,59.51,1007.33,13.56,254.23,0.0,NORMAL,0
2026-01-13 09:40:00,37.74,68.63,1007.1,7.48,238.64,0.68,SENSOR_DRIFT,1
2026-01-13 09:50:00,31.7,61.8,1005.0,11.33,227.88,0.0,NORMAL,0
2026-01-13 10:00:00,26.37,58.56,1009.3,11.9,283.42,0.29,NORMAL,0
2026-01-13 10:10:00,29.8,58.49,1011.45,15.66,296.11,0.77,NORMAL,0
2026-01-13 10:20:00,29.14,63.44,1008.22,11.62,262.05,0.39,NORMAL,0
2026-01-13 10:30:00,28.11,64.41,1008.14,10.89,212.74,0.0,NORMAL,0
2026-01-13 10:40:00,27.87,62.3,1008.6,10.97,284.23,0.0,NORMAL,0
2026-01-13 10:50:00,27.33,56.48,1009.25,10.3,297.81,0.0,NORMAL,0
2026-01-13 11:00:00,27.01,67.2,1007.97,12.23,269.89,0.0,NORMAL,0
2026-01-13 11:10:00,26.4,67.92,1006.5,10.03,260.67,0.0,STUCK_SENSOR,1
2026-01-13 11:20:00,28.21,60.69,1008.41,11.38,231.45,0.0,NORMAL,0
2026-01-13 11:30:00,28.07,71.95,1006.88,11.12,276.51,0.0,NORMAL,0
2026-01-13 11:40:00,35.9,65.43,1006.05,12.27,238.11,0.0,SENSOR_DRIFT,1
2026-01-13 11:50:00,28.46,63.87,1008.75,12.81,275.15,0.0,NORMAL,0
2026-01-13 12:00:00,27.41,65.75,1005.41,10.23,215.47,0.16,NORMAL,0
2026-01-13 12:10:00,25.6,66.94,1009.31,7.49,250.87,0.0,NORMAL,0
2026-01-13 12:20:00,27.63,69.9,1006.71,11.57,231.94,0.0,NORMAL,0
2026-01-13 12:30:00,25.82,69.49,1004.93,9.85,241.32,0.52,NORMAL,0
2026-01-13 12:40:00,26.68,76.76,1007.63,12.04,288.53,0.0,NORMAL,0
2026-01-13 12:50:00,27.51,70.19,1006.39,9.82,241.08,0.5,NORMAL,0
2026-01-13 13:00:00,23.77,69.31,1007.96,10.9,308.6,0.16,NORMAL,0
2026-01-13 13:10:00,23.46,68.57,1009.91,10.77,243.17,0.0,NORMAL,0
2026-01-13 13:20:00,24.75,80.5,1010.34,7.81,266.37,1.93,NORMAL,0
2026-01-13 13:30:00,24.3,75.66,1005.51,8.67,233.29,0.0,NORMAL,0
2026-01-13 13:40:00,24.92,72.49,1008.51,12.92,240.84,0.0,NORMAL,0
2026-01-13 13:50:00,22.75,70.34,1006.56,12.01,251.39,1.52,NORMAL,0
2026-01-13 14:00:00,24.54,75.33,1006.22,12.09,243.6,0.62,NORMAL,0
2026-01-13 14:10:00,25.33,72.21,1007.22,9.61,287.27,0.0,NORMAL,0
2026-01-13 14:20:00,22.95,73.31,1008.06,11.38,240.84,1.94,NORMAL,0
2026-01-13 14:30:00,25.59,75.01,1007.86,9.81,237.04,0.0,NORMAL,0
2026-01-13 14:40:00,22.91,72.23,1010.48,9.67,248.39,0.06,NORMAL,0
2026-01-13 14:50:00,23.99,74.99,1004.97,8.53,274.13,0.14,NORMAL,0
2026-01-13 15:00:00,22.52,74.96,1004.71,11.75,240.0,1.44,NORMAL,0
2026-01-13 15:10:00,22.91,79.53,1005.01,12.59,230.52,0.0,NORMAL,0
2026-01-13 15:20:00,22.21,78.65,1007.95,6.15,223.69,0.43,NORMAL,0
2026-01-13 15:30:00,23.9,75.62,1008.01,12.4,285.58,0.34,NORMAL,0
2026-01-13 15:40:00,22.47,79.34,1004.94,8.64,273.19,0.0,NORMAL,0
2026-01-13 15:50:00,23.61,85.11,1007.51,5.79,290.44,0.29,NORMAL,0
2026-01-13 16:00:00,22.17,80.24,1008.3,11.48,255.59,0.02,NORMAL,0
2026-01-13 16:10:00,24.4,76.29,1007.21,13.67,229.54,0.0,NORMAL,0
2026-01-13 16:20:00,21.83,79.57,1005.41,6.6,218.28,0.0,NORMAL,0
2026-01-13 16:30:00,24.53,85.59,1006.7,10.12,291.91,0.0,NORMAL,0
2026-01-13 16:40:00,30.07,87.34,1007.61,10.03,262.49,0.0,SENSOR_DRIFT,1
2026-01-13 16:50:00,22.73,82.98,1007.13,8.6,224.53,0.0,NORMAL,0
2026-01-13 17:00:00,22.29,80.27,1007.16,6.62,246.38,0.0,NORMAL,0
2026-01-13 17:10:00,20.86,84.49,1008.23,11.04,270.26,0.44,NORMAL,0
2026-01-13 17:20:00,22.58,80.56,1008.6,8.31,200.55,0.93,NORMAL,0
2026-01-13 17:30:00,20.32,67.92,1006.79,10.04,255.85,0.0,STUCK_SENSOR,1
2026-01-13 17:40:00,22.81,79.91,1004.77,13.53,294.6,0.21,NORMAL,0
2026-01-13 17:50:00,21.5,82.82,1008.02,13.49,199.35,0.0,NORMAL,0
2026-01-13 18:00:00,23.57,79.1,1006.03,12.35,242.26,0.41,NORMAL,0
2026-01-13 18:10:00,23.44,80.14,1007.31,11.48,283.13,0.0,NORMAL,0
2026-01-13 18:20:00,22.24,83.6,1008.29,11.24,234.76,0.0,NORMAL,0
2026-01-13 18:30:00,23.68,80.81,1007.95,9.98,244.96,0.0,NORMAL,0
2026-01-13 18:40:00,25.06,85.64,1005.32,10.51,234.79,0.22,SENSOR_DRIFT,1
2026-01-13 18:50:00,21.58,81.57,1005.14,13.34,244.03,0.0,NORMAL,0
2026-01-13 19:00:00,23.61,80.07,1005.14,9.89,241.06,0.0,NORMAL,0
2026-01-13 19:10:00,22.97,81.89,1009.52,12.97,191.13,0.0,NORMAL,0
2026-01-13 19:20:00,24.03,76.29,1009.26,12.64,206.36,2.09,NORMAL,0
2026-01-13 19:30:00,23.43,81.36,1008.55,11.75,228.25,0.0,NORMAL,0
2026-01-13 19:40:00,21.57,79.36,1007.72,10.43,246.14,0.0,NORMAL,0
2026-01-13 19:50:00,26.64,81.91,1005.78,11.58,217.65,0.0,SENSOR_DRIFT,1
2026-01-13 20:00:00,23.28,81.78,1005.23,11.78,240.49,0.29,NORMAL,0
2026-01-13 20:10:00,20.18,78.31,1005.66,11.07,222.32,0.0,NORMAL,0
2026-01-13 20:20:00,24.23,83.45,1006.26,14.31,217.97,2.6,NORMAL,0
2026-01-13 20:30:00,22.67,82.75,1007.39,12.46,229.36,0.01,NORMAL,0
2026-01-13 20:40:00,23.08,70.5,1004.44,11.86,201.56,0.0,NORMAL,0
2026-01-13 20:50:00,22.91,74.77,1006.05,11.68,192.0,1.68,NORMAL,0
2026-01-13 21:00:00,23.02,76.55,1006.23,10.67,214.03,0.0,NORMAL,0
2026-01-13 21:10:00,23.16,77.48,1008.03,11.88,193.41,0.0,NORMAL,0
2026-01-13 21:20:00,22.26,78.8,1006.26,10.8,273.75,0.0,NORMAL,0
2026-01-13 21:30:00,24.85,71.17,1006.48,13.84,201.02,0.2,NORMAL,0
2026-01-13 21:40:00,23.74,74.92,1004.94,13.1,204.8,3.26,NORMAL,0
2026-01-13 21:50:00,25.14,73.06,1006.42,14.14,220.35,0.05,NORMAL,0
2026-01-13 22:00:00,23.97,72.7,1003.66,10.14,206.47,0.0,NORMAL,0
2026-01-13 22:10:00,22.94,77.85,1004.79,10.74,239.31,0.0,NORMAL,0
2026-01-13 22:20:00,24.43,68.42,1005.28,14.15,176.08,0.14,NORMAL,0
2026-01-13 22:30:00,24.73,75.67,1004.06,11.55,146.77,0.0,NORMAL,0
2026-01-13 22:40:00,27.07,67.19,1005.49,13.22,133.08,0.0,NORMAL,0
2026-01-13 22:50:00,26.1,74.52,1006.77,11.57,159.96,0.0,NORMAL,0
2026-01-13 23:00:00,24.77,69.37,1005.32,11.8,190.1,0.0,NORMAL,0
2026-01-13 23:10:00,24.17,71.51,1005.52,9.99,214.77,0.0,NORMAL,0
2026-01-13 23:20:00,24.05,75.35,1007.08,11.88,187.36,0.0,NORMAL,0
2026-01-13 23:30:00,24.89,73.56,1005.54,8.48,160.44,0.0,NORMAL,0
2026-01-13 23:40:00,28.01,75.66,1006.6,10.72,118.26,0.0,NORMAL,0
2026-01-13 23:50:00,25.49,67.92,1008.82,13.38,168.14,0.31,STUCK_SENSOR,1
2026-01-14 00:00:00,28.64,63.7,1005.16,11.15,193.46,0.0,NORMAL,0
2026-01-14 00:10:00,25.58,61.45,1004.94,8.93,198.16,0.0,NORMAL,0
2026-01-14 00:20:00,27.62,66.99,1005.66,8.99,155.04,3.58,NORMAL,0
2026-01-14 00:30:00,26.42,65.19,1007.81,7.9,158.23,0.46,NORMAL,0
2026-01-14 00:40:00,27.25,67.84,1006.8,11.89,181.23,1.35,NORMAL,0
2026-01-14 00:50:00,27.63,61.54,1006.23,10.07,162.26,0.0,NORMAL,0
2026-01-14 01:00:00,26.81,68.4,1006.85,8.27,160.59,1.19,NORMAL,0
2026-01-14 01:10:00,28.23,68.56,1004.33,9.17,178.48,0.03,NORMAL,0
2026-01-14 01:20:00,28.77,69.04,1006.5,15.07,145.93,0.0,NORMAL,0
2026-01-14 01:30:00,27.18,65.63,1003.95,12.47,139.61,0.0,NORMAL,0
2026-01-14 01:40:00,28.93,63.11,1005.09,11.69,150.64,0.0,NORMAL,0
2026-01-14 01:50:00,29.37,60.67,1004.92,12.81,135.43,0.48,NORMAL,0
2026-01-14 02:00:00,30.67,66.16,1006.98,8.44,184.06,0.11,NORMAL,0
2026-01-14 02:10:00,29.95,62.92,1004.08,12.3,136.18,0.0,NORMAL,0
2026-01-14 02:20:00,29.93,64.01,1006.84,13.45,156.14,1.87,NORMAL,0
2026-01-14 02:30:00,30.53,61.53,1006.04,12.84,164.92,0.0,NORMAL,0
2026-01-14 02:40:00,27.57,58.93,1007.07,11.9,174.4,0.0,NORMAL,0
2026-01-14 02:50:00,30.6,60.6,1002.43,11.85,186.91,3.58,NORMAL,0
2026-01-14 03:00:00,30.69,56.55,1006.22,6.93,158.76,0.39,NORMAL,0
2026-01-14 03:10:00,31.07,59.73,1004.89,11.97,157.41,3.16,NORMAL,0
2026-01-14 03:20:00,31.47,58.5,1005.71,8.35,139.63,0.1,NORMAL,0
2026-01-14 03:30:00,29.43,62.64,1003.76,10.92,151.68,0.0,NORMAL,0
2026-01-14 03:40:00,30.33,59.35,1007.74,8.11,123.37,0.0,NORMAL,0
2026-01-14 03:50:00,27.57,58.01,1004.53,12.02,86.52,0.0,NORMAL,0
2026-01-14 04:00:00,31.92,53.3,1003.4,11.51,139.48,0.0,NORMAL,0
2026-01-14 04:10:00,31.89,57.22,1005.08,10.55,137.39,0.0,NORMAL,0
2026-01-14 04:20:00,32.05,46.12,1002.97,8.99,159.59,0.0,NORMAL,0
2026-01-14 04:30:00,30.32,67.13,1002.98,10.83,134.21,0.28,NORMAL,0
2026-01-14 04:40:00,31.76,54.05,1006.06,7.33,138.22,0.36,NORMAL,0
2026-01-14 04:50:00,32.97,60.87,1006.69,9.31,117.2,0.0,NORMAL,0
2026-01-14 05:00:00,37.15,49.06,1003.41,7.37,122.93,0.0,SENSOR_DRIFT,1
2026-01-14 05:10:00,31.2,55.95,1004.82,7.41,91.51,0.0,NORMAL,0
2026-01-14 05:20:00,31.0,53.2,1005.84,9.2,154.67,0.0,NORMAL,0
2026-01-14 05:30:00,33.64,58.61,1005.42,11.64,83.54,0.0,NORMAL,0
2026-01-14 05:40:00,34.34,60.2,1003.6,11.33,130.77,1.21,NORMAL,0
2026-01-14 05:50:00,32.84,57.51,1004.89,7.5,128.85,0.97,NORMAL,0
2026-01-14 06:00:00,33.26,60.21,1004.17,10.62,140.15,0.0,NORMAL,0
2026-01-14 06:10:00,33.55,52.77,1002.23,5.71,137.05,0.0,NORMAL,0
2026-01-14 06:20:00,33.57,54.17,1005.28,6.71,167.45,0.0,NORMAL,0
2026-01-14 06:30:00,33.55,66.07,1005.6,12.03,103.01,0.27,NORMAL,0
2026-01-14 06:40:00,31.33,54.07,1004.82,11.58,93.31,0.0,NORMAL,0
2026-01-14 06:50:00,29.84,56.57,1005.39,8.64,133.97,0.75,NORMAL,0
2026-01-14 07:00:00,32.54,52.87,1004.4,6.66,141.6,0.0,NORMAL,0
2026-01-14 07:10:00,31.97,54.25,1004.71,9.86,97.31,0.91,NORMAL,0
2026-01-14 07:20:00,29.39,57.69,1005.1,6.89,130.56,0.0,NORMAL,0
2026-01-14 07:30:00,32.13,53.88,1006.04,12.23,137.52,0.04,NORMAL,0
2026-01-14 07:40:00,31.97,55.73,1004.29,9.36,55.63,0.0,NORMAL,0
2026-01-14 07:50:00,30.09,57.55,1006.11,6.27,72.59,1.05,NORMAL,0
2026-01-14 08:00:00,32.16,56.29,1005.7,9.0,95.52,1.38,NORMAL,0
2026-01-14 08:10:00,30.86,59.05,1006.33,9.72,129.4,0.36,NORMAL,0
2026-01-14 08:20:00,32.88,59.42,1005.44,8.83,173.63,0.0,NORMAL,0
2026-01-14 08:30:00,32.31,62.07,1003.83,5.81,72.11,0.35,NORMAL,0
2026-01-14 08:40:00,32.2,57.34,1005.43,7.33,134.38,0.0,NORMAL,0
2026-01-14 08:50:00,36.01,63.66,1002.07,9.92,125.42,0.24,SENSOR_DRIFT,1
2026-01-14 09:00:00,32.49,66.52,1003.7,7.73,69.4,0.0,NORMAL,0
2026-01-14 09:10:00,32.19,59.3,1004.52,13.02,93.12,0.0,NORMAL,0
2026-01-14 09:20:00,28.47,58.62,1004.82,6.51,128.65,0.43,NORMAL,0
2026-01-14 09:30:00,29.94,61.68,1004.14,5.63,89.53,1.07,NORMAL,0
2026-01-14 09:40:00,29.9,63.3,1002.91,9.39,60.73,0.0,NORMAL,0
2026-01-14 09:50:00,28.45,58.27,1002.97,8.37,39.05,0.32,NORMAL,0
2026-01-14 10:00:00,28.17,62.57,1002.04,8.48,138.54,0.0,NORMAL,0
2026-01-14 10:10:00,28.68,66.04,1003.35,9.21,117.33,0.0,NORMAL,0
2026-01-14 10:20:00,28.76,64.6,1005.53,8.8,107.07,0.0,NORMAL,0
2026-01-14 10:30:00,27.89,51.03,1002.36,9.36,123.35,1.33,NORMAL,0
2026-01-14 10:40:00,28.16,64.39,1003.19,10.61,74.02,0.0,NORMAL,0
2026-01-14 10:50:00,29.41,62.12,1003.93,5.83,108.8,0.0,NORMAL,0
2026-01-14 11:00:00,10.21,61.72,1003.36,8.35,62.51,0.0,SPIKE,1
2026-01-14 11:10:00,26.79,70.89,1004.79,8.88,104.57,0.0,NORMAL,0
2026-01-14 11:20:00,26.31,66.15,1003.0,6.48,109.85,0.82,NORMAL,0
2026-01-14 11:30:00,26.45,66.11,1000.79,10.48,49.93,0.0,NORMAL,0
2026-01-14 11:40:00,26.72,69.48,1005.59,9.22,121.45,0.4,NORMAL,0
2026-01-14 11:50:00,25.48,68.28,1003.7,7.15,127.1,0.42,NORMAL,0
2026-01-14 12:00:00,29.21,68.42,1006.09,6.11,110.25,0.0,NORMAL,0
2026-01-14 12:10:00,28.45,70.82,1003.47,6.29,98.1,0.27,NORMAL,0
2026-01-14 12:20:00,25.04,70.38,1004.58,9.81,98.47,0.49,NORMAL,0
2026-01-14 12:30:00,25.39,71.71,1004.19,6.9,83.81,0.0,NORMAL,0
2026-01-14 12:40:00,26.54,67.33,1004.32,7.87,75.62,0.0,NORMAL,0
2026-01-14 12:50:00,26.37,74.88,1004.18,6.72,104.24,0.0,NORMAL,0
2026-01-14 13:00:00,24.05,74.89,1004.82,8.98,67.67,0.0,NORMAL,0
2026-01-14 13:10:00,24.85,70.19,1004.01,2.38,90.06,0.0,NORMAL,0
2026-01-14 13:20:00,22.57,70.34,1006.0,7.31,114.74,0.0,NORMAL,0
2026-01-14 13:30:00,24.74,70.73,1003.21,5.7,119.96,2.76,NORMAL,0
2026-01-14 13:40:00,24.39,74.57,1002.74,9.6,134.88,0.0,NORMAL,0
2026-01-14 13:50:00,25.99,71.48,1004.59,5.36,104.55,1.52,NORMAL,0
2026-01-14 14:00:00,23.08,76.95,1002.51,5.18,139.63,2.28,NORMAL,0
2026-01-14 14:10:00,25.41,76.01,1004.13,9.91,50.8,0.22,NORMAL,0
2026-01-14 14:20:00,21.89,78.26,1005.54,4.69,101.49,0.0,NORMAL,0
2026-01-14 14:30:00,23.15,73.96,1003.62,8.0,105.39,0.0,NORMAL,0
2026-01-14 14:40:00,23.62,79.29,1006.18,6.16,104.04,0.0,NORMAL,0
2026-01-14 14:50:00,29.83,73.4,1004.14,12.19,127.66,0.0,SENSOR_DRIFT,1
2026-01-14 15:00:00,26.11,81.2,1003.01,6.95,112.66,0.0,NORMAL,0
2026-01-14 15:10:00,25.55,78.99,1002.59,6.8,95.27,0.68,NORMAL,0
2026-01-14 15:20:00,22.74,80.67,1000.92,10.19,54.56,0.0,NORMAL,0
2026-01-14 15:30:00,20.64,81.51,1002.32,6.92,46.77,0.0,NORMAL,0
2026-01-14 15:40:00,23.56,81.59,1003.34,4.68,97.07,0.03,NORMAL,0
2026-01-14 15:50:00,22.81,72.11,1004.44,8.98,134.74,0.0,NORMAL,0
2026-01-14 16:00:00,19.18,70.82,1003.37,7.44,73.83,2.17,NORMAL,0
2026-01-14 16:10:00,37.14,70.41,1003.75,9.47,85.97,0.0,SPIKE,1
2026-01-14 16:20:00,25.02,79.27,1003.99,6.19,109.3,1.25,NORMAL,0
2026-01-14 16:30:00,22.3,78.98,1003.17,8.54,110.21,0.0,NORMAL,0
2026-01-14 16:40:00,21.56,75.52,1004.73,7.19,157.99,0.0,NORMAL,0
2026-01-14 16:50:00,22.07,75.76,1005.76,5.07,96.86,0.82,NORMAL,0
2026-01-14 17:00:00,21.73,77.63,1001.94,4.55,67.64,0.0,NORMAL,0
2026-01-14 17:10:00,21.07,72.7,1006.9,8.28,109.87,0.95,NORMAL,0
2026-01-14 17:20:00,22.99,83.78,1001.26,6.86,129.03,1.38,NORMAL,0
2026-01-14 17:30:00,22.79,77.9,1003.88,9.09,135.5,0.0,NORMAL,0
2026-01-14 17:40:00,23.46,78.8,1004.69,5.13,82.5,0.02,NORMAL,0
2026-01-14 17:50:00,22.14,79.88,1004.42,5.29,132.84,1.86,NORMAL,0
2026-01-14 18:00:00,22.15,78.63,1002.6,5.49,123.39,0.45,NORMAL,0
2026-01-14 18:10:00,23.18,74.47,1005.39,5.66,160.24,0.11,NORMAL,0
2026-01-14 18:20:00,23.44,78.54,1004.57,5.28,170.94,0.58,NORMAL,0
2026-01-14 18:30:00,21.59,75.49,1003.96,9.44,121.02,0.37,NORMAL,0
2026-01-14 18:40:00,21.61,77.67,1005.98,6.33,124.24,0.0,NORMAL,0
2026-01-14 18:50:00,22.43,78.09,1002.29,4.57,111.01,0.62,NORMAL,0
2026-01-14 19:00:00,23.62,81.61,1004.39,3.45,106.07,0.0,NORMAL,0
2026-01-14 19:10:00,23.04,81.19,1004.44,3.26,141.49,0.0,NORMAL,0
2026-01-14 19:20:00,29.39,77.94,1006.43,7.76,148.82,0.0,SENSOR_DRIFT,1
2026-01-14 19:30:00,23.63,74.69,1004.15,3.29,169.17,0.0,NORMAL,0
2026-01-14 19:40:00,21.06,79.88,1003.96,4.79,154.71,0.17,NORMAL,0
2026-01-14 19:50:00,23.37,75.09,1003.81,6.37,149.48,0.0,NORMAL,0
2026-01-14 20:00:00,22.94,71.26,1006.92,5.75,114.98,0.45,NORMAL,0
2026-01-14 20:10:00,22.74,80.81,1004.09,7.54,137.95,0.3,NORMAL,0
2026-01-14 20:20:00,24.19,72.33,1004.28,5.73,133.82,0.0,NORMAL,0
2026-01-14 20:30:00,23.46,79.71,1005.97,7.75,107.22,0.12,NORMAL,0
2026-01-14 20:40:00,24.39,70.66,1005.95,4.92,126.24,0.0,NORMAL,0
2026-01-14 20:50:00,25.38,78.04,1001.2,3.94,120.19,0.0,NORMAL,0
2026-01-14 21:00:00,22.54,73.51,1003.74,5.67,163.7,0.0,NORMAL,0
2026-01-14 21:10:00,22.36,81.13,1004.63,6.88,168.09,0.51,NORMAL,0
